step,train_loss,val_loss,lr,sec_per_step,mps_driver_gb
0,,4.4584,0.0,,8.41
1,4.0177,,5.00e-07,11.09,11.13
2,4.952,,1.00e-06,11.16,11.2
3,4.0142,,1.50e-06,10.81,11.2
4,4.0806,,2.00e-06,10.84,11.2
5,4.809,,2.50e-06,10.77,11.2
6,4.2065,,3.00e-06,10.62,11.2
7,4.6332,,3.50e-06,10.57,11.2
8,4.1188,,4.00e-06,10.48,11.2
9,4.3628,,4.50e-06,10.42,11.2
10,4.7394,,5.00e-06,10.4,11.2
11,4.1122,,5.50e-06,10.37,11.2
12,3.9155,,6.00e-06,10.33,11.2
13,4.4501,,6.50e-06,10.51,11.2
14,4.2494,,7.00e-06,10.52,11.2
15,4.5147,,7.50e-06,10.43,11.2
16,3.566,,8.00e-06,10.42,11.2
17,4.5228,,8.50e-06,10.44,11.2
18,4.5097,,9.00e-06,10.42,11.2
19,4.4336,,9.50e-06,10.42,11.21
20,4.3869,,1.00e-05,10.39,11.21
21,4.1742,,1.05e-05,10.38,11.21
22,4.2928,,1.10e-05,10.38,11.21
23,4.3303,,1.15e-05,10.36,11.21
24,4.3118,,1.20e-05,10.23,11.22
25,4.241,,1.25e-05,10.2,11.22
26,3.9672,,1.30e-05,10.23,11.22
27,4.0072,,1.35e-05,10.2,11.22
28,4.5756,,1.40e-05,10.21,11.22
29,4.2055,,1.45e-05,10.27,11.22
30,4.378,,1.50e-05,10.38,11.22
31,3.9705,,1.55e-05,10.32,11.22
32,4.3364,,1.60e-05,10.34,11.22
33,4.2869,,1.65e-05,10.39,11.22
34,4.1756,,1.70e-05,10.35,11.22
35,4.1743,,1.75e-05,10.33,11.22
36,4.2744,,1.80e-05,10.32,11.22
37,4.3938,,1.85e-05,10.32,11.22
38,4.1862,,1.90e-05,10.28,11.22
39,4.7206,,1.95e-05,10.3,11.22
40,4.5964,,2.00e-05,10.28,11.22
41,4.2234,,2.05e-05,10.28,11.22
42,4.2675,,2.10e-05,10.27,11.22
43,3.6452,,2.15e-05,10.17,11.22
44,4.6218,,2.20e-05,10.14,11.22
45,4.5703,,2.25e-05,10.12,11.22
46,3.5104,,2.30e-05,10.14,11.22
47,4.2861,,2.35e-05,10.1,11.22
48,3.7993,,2.40e-05,10.11,11.22
49,4.4921,,2.45e-05,10.17,11.22
50,4.4775,,2.50e-05,10.09,11.22
51,4.3104,,2.55e-05,10.08,11.22
52,3.7469,,2.60e-05,10.05,11.22
53,3.7657,,2.65e-05,10.05,11.22
54,4.0584,,2.70e-05,10.19,11.22
55,3.2577,,2.75e-05,10.22,11.22
56,3.9223,,2.80e-05,10.24,11.22
57,4.3841,,2.85e-05,10.24,11.22
58,3.6562,,2.90e-05,10.22,11.22
59,4.0651,,2.95e-05,10.24,11.22
60,4.2953,,3.00e-05,10.24,11.22
61,4.5186,,3.05e-05,10.26,11.22
62,3.1017,,3.10e-05,10.26,11.22
63,3.5653,,3.15e-05,10.27,11.22
64,3.1442,,3.20e-05,10.27,11.22
65,4.5451,,3.25e-05,10.27,11.22
66,4.367,,3.30e-05,10.27,11.22
67,4.3239,,3.35e-05,10.27,11.22
68,3.7604,,3.40e-05,10.31,11.22
69,4.2307,,3.45e-05,10.15,11.22
70,4.1555,,3.50e-05,10.14,11.22
71,4.4595,,3.55e-05,10.18,11.22
72,4.3085,,3.60e-05,10.17,11.22
73,4.0907,,3.65e-05,10.17,11.22
74,4.4909,,3.70e-05,10.17,11.22
75,4.0614,,3.75e-05,10.18,11.22
76,4.4583,,3.80e-05,10.19,11.23
77,4.2065,,3.85e-05,10.2,11.23
78,4.0593,,3.90e-05,10.18,11.23
79,3.7357,,3.95e-05,10.19,11.23
80,4.2585,,4.00e-05,10.2,11.23
81,3.8832,,4.05e-05,10.34,11.23
82,4.0979,,4.10e-05,10.38,11.23
83,4.2059,,4.15e-05,10.38,11.23
84,4.3466,,4.20e-05,10.35,11.23
85,4.0776,,4.25e-05,10.38,11.23
86,3.903,,4.30e-05,10.34,11.23
87,3.7544,,4.35e-05,10.29,11.23
88,4.0204,,4.40e-05,10.21,11.23
89,2.8119,,4.45e-05,10.21,11.23
90,4.1933,,4.50e-05,10.28,11.23
91,4.2652,,4.55e-05,10.48,11.23
92,4.3732,,4.60e-05,10.22,11.23
93,4.6337,,4.65e-05,10.34,11.23
94,3.9194,,4.70e-05,10.23,11.23
95,4.2844,,4.75e-05,10.25,11.23
96,3.7072,,4.80e-05,10.24,11.23
97,4.6547,,4.85e-05,10.25,11.23
98,3.0438,,4.90e-05,10.23,11.23
99,3.32,,4.95e-05,10.34,11.23
100,4.3922,,5.00e-05,10.38,11.23
100,,4.4267,5.00e-05,,9.18
101,4.1651,,5.00e-05,10.33,11.21
102,3.8448,,5.00e-05,10.38,11.21
103,3.9291,,5.00e-05,10.24,11.21
104,3.8183,,5.00e-05,10.24,11.21
105,3.9476,,5.00e-05,10.24,11.21
106,3.7689,,5.00e-05,10.23,11.21
107,3.8033,,5.00e-05,10.22,11.21
108,3.9379,,5.00e-05,10.24,11.21
109,4.4392,,5.00e-05,10.37,11.21
110,4.29,,5.00e-05,10.21,11.21
111,3.7676,,5.00e-05,10.24,11.21
112,4.633,,5.00e-05,10.23,11.22
113,4.0108,,5.00e-05,10.25,11.22
114,4.0469,,5.00e-05,10.25,11.22
115,3.441,,5.00e-05,10.4,11.22
116,3.7609,,5.00e-05,10.37,11.22
117,4.4886,,5.00e-05,10.39,11.22
118,4.225,,5.00e-05,10.37,11.22
119,3.6365,,5.00e-05,10.36,11.22
120,3.2022,,5.00e-05,10.41,11.22
121,4.3733,,5.00e-05,10.36,11.22
122,4.6764,,5.00e-05,10.36,11.22
123,3.173,,5.00e-05,10.3,11.22
124,3.9852,,5.00e-05,10.23,11.22
125,4.0141,,5.00e-05,10.25,11.22
126,4.1479,,5.00e-05,10.22,11.22
127,4.5804,,5.00e-05,10.23,11.22
128,4.2356,,5.00e-05,10.23,11.22
129,4.2091,,5.00e-05,10.25,11.22
130,4.1893,,5.00e-05,10.25,11.22
131,4.0549,,5.00e-05,10.38,11.22
132,3.9976,,5.00e-05,10.36,11.22
133,4.6018,,5.00e-05,10.4,11.23
134,4.5333,,5.00e-05,10.42,11.23
135,3.7308,,5.00e-05,10.35,11.23
136,4.6294,,5.00e-05,10.39,11.23
137,4.0998,,5.00e-05,10.37,11.23
138,4.1554,,5.00e-05,10.26,11.23
139,4.1362,,5.00e-05,10.22,11.23
140,3.7435,,5.00e-05,10.23,11.23
141,3.5819,,5.00e-05,10.25,11.23
142,4.1179,,5.00e-05,10.26,11.23
143,4.1995,,5.00e-05,10.24,11.23
144,4.5147,,5.00e-05,10.24,11.23
145,4.0711,,5.00e-05,10.24,11.23
146,3.8519,,5.00e-05,10.24,11.23
147,4.4248,,5.00e-05,10.24,11.23
148,3.2656,,5.00e-05,10.25,11.23
149,3.7625,,5.00e-05,10.28,11.23
150,4.564,,5.00e-05,10.43,11.23
151,3.3308,,5.00e-05,10.39,11.23
152,4.6803,,5.00e-05,10.43,11.23
153,4.1739,,5.00e-05,10.43,11.23
154,3.2116,,5.00e-05,10.43,11.23
155,4.7074,,5.00e-05,10.43,11.23
156,4.0285,,5.00e-05,10.45,11.23
157,4.561,,5.00e-05,10.44,11.23
158,3.6729,,5.00e-05,10.42,11.23
159,4.3353,,4.99e-05,10.37,11.23
160,4.6729,,4.99e-05,10.28,11.23
161,4.3772,,4.99e-05,10.28,11.23
162,4.3052,,4.99e-05,10.28,11.23
163,4.0242,,4.99e-05,10.29,11.23
164,3.5986,,4.99e-05,10.28,11.23
165,4.428,,4.99e-05,10.29,11.23
166,4.5317,,4.99e-05,10.31,11.23
167,4.2367,,4.99e-05,10.28,11.23
168,3.8263,,4.99e-05,10.31,11.23
169,4.5908,,4.99e-05,10.29,11.23
170,4.6539,,4.99e-05,10.28,11.23
171,4.1386,,4.99e-05,10.41,11.23
172,4.6472,,4.99e-05,10.48,11.23
173,4.2955,,4.99e-05,10.44,11.23
174,3.7485,,4.99e-05,10.44,11.23
175,4.2804,,4.99e-05,10.43,11.23
176,3.5844,,4.99e-05,10.45,11.23
177,4.3483,,4.99e-05,10.44,11.23
178,4.5174,,4.99e-05,10.52,11.23
179,3.8901,,4.99e-05,10.47,11.23
180,3.4547,,4.99e-05,10.3,11.23
181,4.6196,,4.99e-05,10.31,11.23
182,3.8322,,4.99e-05,10.31,11.23
183,4.0035,,4.99e-05,10.3,11.23
184,3.1581,,4.99e-05,10.28,11.23
185,4.0972,,4.99e-05,10.29,11.23
186,4.4424,,4.99e-05,10.3,11.23
187,4.463,,4.99e-05,10.3,11.23
188,3.3483,,4.99e-05,10.29,11.23
189,4.1408,,4.99e-05,10.28,11.23
190,4.2573,,4.99e-05,10.3,11.23
191,4.6597,,4.99e-05,10.4,11.23
192,4.4079,,4.99e-05,10.45,11.23
193,4.088,,4.99e-05,10.45,11.23
194,4.1035,,4.99e-05,10.46,11.23
195,3.9396,,4.99e-05,10.45,11.23
196,4.2586,,4.99e-05,10.44,11.23
197,2.8333,,4.99e-05,10.48,11.23
198,3.6144,,4.99e-05,10.46,11.23
199,4.0977,,4.99e-05,10.37,11.23
200,4.0177,,4.99e-05,10.3,11.23
201,4.4321,,4.99e-05,10.32,11.23
202,3.8725,,4.98e-05,10.32,11.23
203,4.583,,4.98e-05,10.3,11.23
204,4.189,,4.98e-05,10.29,11.23
205,3.5052,,4.98e-05,10.29,11.23
206,4.0899,,4.98e-05,10.3,11.23
207,4.7285,,4.98e-05,10.32,11.23
208,4.3035,,4.98e-05,10.31,11.23
209,3.8838,,4.98e-05,10.38,11.23
210,3.951,,4.98e-05,10.27,11.23
211,4.6301,,4.98e-05,10.44,11.23
212,3.7364,,4.98e-05,10.45,11.23
213,3.979,,4.98e-05,10.47,11.23
214,4.1964,,4.98e-05,10.47,11.23
215,2.8506,,4.98e-05,10.45,11.23
216,3.8735,,4.98e-05,10.46,11.23
217,3.7044,,4.98e-05,10.47,11.23
218,3.3741,,4.98e-05,10.47,11.23
219,4.3422,,4.98e-05,10.48,11.23
220,4.1534,,4.98e-05,10.42,11.23
221,3.9295,,4.98e-05,10.32,11.23
222,4.5346,,4.98e-05,10.31,11.23
223,3.8892,,4.98e-05,10.31,11.23
224,4.2214,,4.98e-05,10.35,11.23
225,4.0685,,4.98e-05,10.27,11.23
226,3.9775,,4.98e-05,10.34,11.23
227,4.4443,,4.98e-05,10.35,11.23
228,4.3846,,4.98e-05,10.32,11.23
229,4.4455,,4.98e-05,10.3,11.23
230,3.2974,,4.98e-05,10.33,11.23
231,4.0426,,4.97e-05,10.35,11.23
232,3.9268,,4.97e-05,10.49,11.23
233,4.3787,,4.97e-05,10.52,11.23
234,4.6627,,4.97e-05,10.55,11.23
235,4.5435,,4.97e-05,10.52,11.23
236,4.6284,,4.97e-05,10.56,11.23
237,4.0644,,4.97e-05,10.51,11.23
238,4.3951,,4.97e-05,10.48,11.23
239,4.6717,,4.97e-05,10.38,11.23
240,4.306,,4.97e-05,10.37,11.23
241,3.8529,,4.97e-05,10.34,11.23
242,3.364,,4.97e-05,10.35,11.23
243,4.0835,,4.97e-05,10.36,11.23
244,4.5103,,4.97e-05,10.37,11.23
245,4.4561,,4.97e-05,10.33,11.23
246,4.4323,,4.97e-05,10.37,11.23
247,4.7538,,4.97e-05,10.34,11.23
248,3.1533,,4.97e-05,10.34,11.23
249,3.7102,,4.97e-05,10.36,11.23
250,3.8228,,4.97e-05,10.47,11.23
250,,4.4105,4.97e-05,,9.18
251,4.2709,,4.97e-05,10.1,11.22
252,4.0887,,4.97e-05,10.26,11.22
253,3.78,,4.97e-05,10.35,11.22
254,4.0878,,4.97e-05,10.29,11.22
255,3.4976,,4.96e-05,10.12,11.22
256,3.7518,,4.96e-05,9.93,11.22
257,4.6108,,4.96e-05,9.94,11.22
258,3.8339,,4.96e-05,9.96,11.22
259,3.9524,,4.96e-05,10.07,11.22
260,4.3175,,4.96e-05,10.02,11.22
261,4.1635,,4.96e-05,10.22,11.22
262,3.5778,,4.96e-05,10.22,11.22
263,4.7161,,4.96e-05,10.28,11.22
264,4.0893,,4.96e-05,10.3,11.22
265,4.6668,,4.96e-05,10.35,11.22
266,4.2545,,4.96e-05,10.36,11.22
267,4.0573,,4.96e-05,10.38,11.22
268,4.2404,,4.96e-05,10.39,11.22
269,4.1621,,4.96e-05,10.37,11.22
270,4.2298,,4.96e-05,10.28,11.22
271,4.2126,,4.96e-05,10.3,11.22
272,3.8166,,4.96e-05,10.31,11.22
273,4.4567,,4.96e-05,10.27,11.22
274,4.4004,,4.96e-05,10.29,11.22
275,3.9115,,4.96e-05,10.3,11.22
276,4.5232,,4.95e-05,10.27,11.22
277,4.4866,,4.95e-05,10.31,11.22
278,4.1611,,4.95e-05,10.28,11.22
279,3.841,,4.95e-05,10.3,11.22
280,4.4638,,4.95e-05,10.31,11.22
281,3.1606,,4.95e-05,10.44,11.22
282,4.3378,,4.95e-05,10.47,11.22
283,4.1255,,4.95e-05,10.46,11.22
284,3.5819,,4.95e-05,10.47,11.22
285,4.3769,,4.95e-05,10.51,11.22
286,4.3092,,4.95e-05,10.49,11.22
287,4.1325,,4.95e-05,10.52,11.22
288,4.1628,,4.95e-05,10.51,11.22
289,4.1051,,4.95e-05,10.45,11.22
290,3.8772,,4.95e-05,10.37,11.22
291,4.134,,4.95e-05,10.33,11.22
292,3.9467,,4.95e-05,10.34,11.22
293,4.7934,,4.95e-05,10.38,11.22
294,4.497,,4.94e-05,10.61,11.22
295,3.8597,,4.94e-05,10.43,11.22
296,4.1036,,4.94e-05,10.35,11.22
297,3.8064,,4.94e-05,10.38,11.22
298,3.7237,,4.94e-05,10.38,11.22
299,3.801,,4.94e-05,10.45,11.22
300,4.1088,,4.94e-05,10.66,11.22
301,4.5702,,4.94e-05,10.65,11.22
302,4.3187,,4.94e-05,10.54,11.22
303,4.4504,,4.94e-05,10.57,11.22
304,3.7847,,4.94e-05,10.56,11.22
305,4.048,,4.94e-05,10.67,11.22
306,4.0116,,4.94e-05,10.82,11.22
307,4.4284,,4.94e-05,10.62,11.22
308,3.6804,,4.94e-05,10.54,11.22
309,3.4666,,4.94e-05,10.54,11.22
310,3.6191,,4.94e-05,10.46,11.22
311,3.7498,,4.93e-05,10.63,11.22
312,4.3593,,4.93e-05,10.72,11.22
313,3.9201,,4.93e-05,10.44,11.22
314,4.4248,,4.93e-05,10.4,11.22
315,4.4054,,4.93e-05,10.45,11.23
316,3.4486,,4.93e-05,10.42,11.23
317,3.8622,,4.93e-05,10.73,11.25
318,3.5851,,4.93e-05,10.74,11.25
319,4.2704,,4.93e-05,10.59,11.25
320,4.4914,,4.93e-05,10.56,11.25
321,3.8371,,4.93e-05,10.59,11.25
322,4.4792,,4.93e-05,10.57,11.25
323,4.417,,4.93e-05,10.79,11.25
324,4.1261,,4.93e-05,10.68,11.25
325,4.542,,4.93e-05,10.54,11.25
326,3.1965,,4.93e-05,10.54,11.25
327,4.4924,,4.92e-05,10.54,11.25
328,3.9672,,4.92e-05,10.55,11.25
329,3.797,,4.92e-05,10.72,11.25
330,4.4359,,4.92e-05,10.47,11.25
331,4.6824,,4.92e-05,10.48,11.25
332,4.1618,,4.92e-05,10.49,11.25
333,4.1897,,4.92e-05,10.46,11.25
334,4.3353,,4.92e-05,10.6,11.25
335,4.4539,,4.92e-05,10.77,11.25
336,3.4414,,4.92e-05,10.59,11.25
337,3.6468,,4.92e-05,10.58,11.25
338,3.6681,,4.92e-05,10.59,11.25
339,4.5157,,4.92e-05,10.59,11.25
340,4.5424,,4.92e-05,10.77,11.25
341,3.4775,,4.92e-05,10.66,11.25
342,4.0364,,4.91e-05,10.54,11.25
343,4.2384,,4.91e-05,10.51,11.25
344,4.045,,4.91e-05,10.38,11.25
345,3.2994,,4.91e-05,10.39,11.25
346,4.2151,,4.91e-05,10.59,11.25
347,3.7844,,4.91e-05,10.44,11.25
348,4.4458,,4.91e-05,10.41,11.25
349,4.3603,,4.91e-05,10.37,11.25
350,3.4654,,4.91e-05,10.37,11.25
351,4.4762,,4.91e-05,10.4,11.25
352,4.4278,,4.91e-05,10.49,11.25
353,4.3176,,4.91e-05,10.44,11.25
354,4.2092,,4.91e-05,10.34,11.25
355,4.2062,,4.91e-05,10.48,11.25
356,3.8137,,4.90e-05,10.51,11.25
357,4.3292,,4.90e-05,10.54,11.25
358,4.4512,,4.90e-05,10.71,11.25
359,3.663,,4.90e-05,10.69,11.25
360,3.7971,,4.90e-05,10.5,11.25
361,3.3584,,4.90e-05,10.51,11.25
362,4.0718,,4.90e-05,10.5,11.25
363,4.5018,,4.90e-05,10.51,11.25
364,4.5177,,4.90e-05,10.59,11.25
365,4.5352,,4.90e-05,10.61,11.25
366,4.1791,,4.90e-05,10.43,11.25
367,3.8086,,4.90e-05,10.4,11.25
368,4.4566,,4.90e-05,10.37,11.25
369,4.0719,,4.89e-05,10.49,11.25
370,3.8072,,4.89e-05,10.61,11.25
371,3.9903,,4.89e-05,10.41,11.25
372,4.5494,,4.89e-05,10.37,11.25
373,4.53,,4.89e-05,10.41,11.25
374,4.0396,,4.89e-05,10.39,11.25
375,4.0954,,4.89e-05,10.64,11.25
376,3.5541,,4.89e-05,10.76,11.25
377,4.4438,,4.89e-05,10.56,11.25
378,3.2008,,4.89e-05,10.51,11.25
379,3.8849,,4.89e-05,10.57,11.25
380,3.9997,,4.89e-05,10.93,11.25
381,4.3977,,4.89e-05,11.35,11.25
382,4.3072,,4.88e-05,10.82,11.25
383,4.3806,,4.88e-05,10.9,11.25
384,4.1794,,4.88e-05,10.83,11.25
385,3.686,,4.88e-05,10.78,11.25
386,4.0671,,4.88e-05,10.91,11.25
387,4.3311,,4.88e-05,11.75,11.25
388,4.347,,4.88e-05,10.86,11.25
389,4.0924,,4.88e-05,10.62,11.25
390,3.7119,,4.88e-05,11.14,11.25
391,3.4165,,4.88e-05,10.57,11.25
392,3.6,,4.88e-05,10.71,11.25
393,3.7933,,4.88e-05,10.7,11.25
394,4.5171,,4.87e-05,10.56,11.25
395,3.7301,,4.87e-05,10.54,11.25
396,4.2174,,4.87e-05,11.85,11.25
397,4.2168,,4.87e-05,11.34,11.25
398,4.5995,,4.87e-05,11.12,11.25
399,4.6687,,4.87e-05,11.4,11.25
400,4.1376,,4.87e-05,11.22,11.25
401,4.7928,,4.87e-05,11.79,11.25
402,3.8072,,4.87e-05,11.31,11.25
403,4.4942,,4.87e-05,11.52,11.25
404,4.1279,,4.87e-05,11.39,11.25
405,4.3456,,4.86e-05,11.46,11.25
406,3.9698,,4.86e-05,11.31,11.25
407,4.3408,,4.86e-05,12.08,11.25
408,4.0716,,4.86e-05,10.73,11.25
409,3.418,,4.86e-05,10.79,11.25
410,4.3623,,4.86e-05,10.78,11.25
411,4.0737,,4.86e-05,10.69,11.25
412,4.3279,,4.86e-05,11.31,11.25
413,4.1142,,4.86e-05,10.94,11.25
414,4.3469,,4.86e-05,11.2,11.25
415,4.3508,,4.86e-05,10.8,11.25
416,4.2739,,4.85e-05,10.81,11.25
417,3.2301,,4.85e-05,10.75,11.25
418,4.3319,,4.85e-05,11.14,11.25
419,4.5065,,4.85e-05,11.19,11.25
420,4.2554,,4.85e-05,11.2,11.25
421,4.04,,4.85e-05,11.25,11.25
422,4.5691,,4.85e-05,11.13,11.25
423,4.1493,,4.85e-05,11.33,11.25
424,3.4288,,4.85e-05,11.14,11.25
425,4.4492,,4.85e-05,11.14,11.25
426,3.0268,,4.85e-05,11.27,11.25
427,4.1637,,4.84e-05,11.15,11.25
428,3.8827,,4.84e-05,11.14,11.25
429,4.4027,,4.84e-05,11.33,11.25
430,4.078,,4.84e-05,11.15,11.25
431,4.3524,,4.84e-05,11.4,11.25
432,4.0811,,4.84e-05,11.17,11.25
433,4.2876,,4.84e-05,11.41,11.25
434,4.3018,,4.84e-05,11.32,11.25
435,4.2683,,4.84e-05,11.39,11.25
436,2.7928,,4.84e-05,11.45,11.25
437,3.5687,,4.84e-05,11.45,11.25
438,4.2803,,4.83e-05,11.11,11.25
439,3.65,,4.83e-05,10.75,11.25
440,4.1447,,4.83e-05,10.61,11.25
441,4.3812,,4.83e-05,10.62,11.25
442,3.9143,,4.83e-05,10.95,11.25
443,3.8822,,4.83e-05,10.75,11.25
444,4.3508,,4.83e-05,10.69,11.25
445,4.3373,,4.83e-05,10.75,11.25
446,4.0401,,4.83e-05,10.66,11.25
447,4.4343,,4.83e-05,10.91,11.25
448,3.7936,,4.82e-05,11.89,11.25
449,4.1188,,4.82e-05,11.51,11.25
450,4.6262,,4.82e-05,11.31,11.25
451,4.0236,,4.82e-05,11.25,11.25
452,4.0096,,4.82e-05,10.95,11.25
453,3.2588,,4.82e-05,11.09,11.25
454,4.3107,,4.82e-05,10.9,11.25
455,4.4393,,4.82e-05,10.74,11.25
456,4.1917,,4.82e-05,10.83,11.25
457,4.521,,4.82e-05,10.89,11.25
458,4.5897,,4.81e-05,11.0,11.25
459,4.3738,,4.81e-05,10.95,11.25
460,3.8665,,4.81e-05,10.8,11.25
461,3.3591,,4.81e-05,11.22,11.25
462,4.3088,,4.81e-05,10.84,11.25
463,4.363,,4.81e-05,10.77,11.25
464,4.0246,,4.81e-05,10.78,11.25
465,4.5223,,4.81e-05,10.83,11.25
466,3.8706,,4.81e-05,10.95,11.25
467,4.3177,,4.81e-05,10.9,11.25
468,4.5192,,4.80e-05,10.95,11.25
469,4.0811,,4.80e-05,10.85,11.25
470,3.106,,4.80e-05,10.88,11.25
471,3.5656,,4.80e-05,10.86,11.25
472,3.7224,,4.80e-05,10.77,11.25
473,3.8884,,4.80e-05,10.72,11.25
474,3.7564,,4.80e-05,10.7,11.25
475,3.4535,,4.80e-05,10.78,11.25
476,3.8038,,4.80e-05,10.69,11.25
477,4.2523,,4.79e-05,10.72,11.25
478,3.8388,,4.79e-05,10.68,11.25
479,4.1561,,4.79e-05,10.69,11.25
480,3.6134,,4.79e-05,10.69,11.25
481,4.1861,,4.79e-05,10.71,11.25
482,3.982,,4.79e-05,10.67,11.25
483,4.0423,,4.79e-05,10.85,11.25
484,4.3921,,4.79e-05,10.87,11.25
485,4.1005,,4.79e-05,10.85,11.25
486,4.4145,,4.78e-05,10.88,11.25
487,4.517,,4.78e-05,10.92,11.25
488,4.7041,,4.78e-05,10.88,11.25
489,3.5096,,4.78e-05,11.07,11.25
490,3.6637,,4.78e-05,11.19,11.25
491,4.1976,,4.78e-05,10.92,11.25
492,3.9417,,4.78e-05,10.81,11.25
493,4.161,,4.78e-05,10.79,11.25
494,3.87,,4.78e-05,10.76,11.25
495,4.4897,,4.77e-05,11.0,11.25
496,4.1873,,4.77e-05,10.92,11.25
497,4.1347,,4.77e-05,10.84,11.25
498,3.8127,,4.77e-05,10.85,11.25
499,3.8732,,4.77e-05,10.85,11.25
500,4.4864,,4.77e-05,10.86,11.25
500,,4.3999,4.77e-05,,9.19
501,4.3691,,4.77e-05,10.9,11.25
502,3.6513,,4.77e-05,10.66,11.25
503,4.2378,,4.77e-05,10.68,11.25
504,3.8754,,4.76e-05,10.6,11.25
505,3.6983,,4.76e-05,10.64,11.25
506,3.6447,,4.76e-05,10.81,11.25
507,4.2479,,4.76e-05,10.66,11.25
508,4.2757,,4.76e-05,10.56,11.25
509,4.4548,,4.76e-05,10.59,11.25
510,4.2418,,4.76e-05,10.56,11.25
511,4.5891,,4.76e-05,10.69,11.25
512,4.1505,,4.76e-05,10.87,11.25
513,3.9758,,4.75e-05,10.98,11.25
514,3.3655,,4.75e-05,11.02,11.25
515,4.0452,,4.75e-05,10.84,11.25
516,4.3774,,4.75e-05,10.85,11.25
517,4.1233,,4.75e-05,10.88,11.25
518,3.7528,,4.75e-05,11.17,11.25
519,4.3668,,4.75e-05,11.28,11.25
520,3.9254,,4.75e-05,11.12,11.25
521,3.8864,,4.74e-05,11.05,11.25
522,3.8473,,4.74e-05,11.06,11.25
523,4.284,,4.74e-05,11.1,11.25
524,4.3899,,4.74e-05,11.13,11.25
525,3.4747,,4.74e-05,11.06,11.25
526,3.9826,,4.74e-05,11.04,11.25
527,3.7319,,4.74e-05,11.04,11.25
528,3.7807,,4.74e-05,11.05,11.25
529,4.2737,,4.73e-05,11.18,11.25
530,4.2177,,4.73e-05,11.32,11.25
531,4.3707,,4.73e-05,11.27,11.25
532,3.9977,,4.73e-05,11.2,11.25
533,3.6868,,4.73e-05,11.23,11.25
534,3.0605,,4.73e-05,11.19,11.25
535,3.1885,,4.73e-05,11.15,11.25
536,4.2042,,4.73e-05,11.2,11.25
537,4.2938,,4.73e-05,11.1,11.25
538,3.8165,,4.72e-05,11.15,11.25
539,4.3586,,4.72e-05,11.15,11.25
540,4.0694,,4.72e-05,11.11,11.25
541,4.1746,,4.72e-05,11.07,11.25
542,4.0203,,4.72e-05,10.86,11.25
543,4.3013,,4.72e-05,10.85,11.25
544,3.754,,4.72e-05,10.93,11.25
545,4.2481,,4.72e-05,10.9,11.25
546,3.7807,,4.71e-05,11.39,11.25
547,4.3518,,4.71e-05,11.39,11.25
548,4.4904,,4.71e-05,11.08,11.25
549,4.4154,,4.71e-05,11.11,11.25
550,4.0204,,4.71e-05,11.04,11.25
551,3.8828,,4.71e-05,11.22,11.25
552,4.1247,,4.71e-05,11.48,11.25
553,3.1995,,4.70e-05,11.22,11.25
554,4.7065,,4.70e-05,11.07,11.25
555,3.7958,,4.70e-05,11.09,11.25
556,4.0469,,4.70e-05,11.02,11.25
557,4.3104,,4.70e-05,11.4,11.25
558,4.3442,,4.70e-05,11.26,11.25
559,3.9244,,4.70e-05,11.53,11.25
560,3.2449,,4.70e-05,11.52,11.25
561,3.9708,,4.69e-05,11.52,11.25
562,3.8544,,4.69e-05,11.95,11.25
563,4.0908,,4.69e-05,12.13,11.25
564,3.5032,,4.69e-05,11.36,11.25
565,3.0476,,4.69e-05,11.28,11.25
566,3.1064,,4.69e-05,11.31,11.25
567,4.3644,,4.69e-05,11.48,11.25
568,4.2776,,4.69e-05,11.83,11.25
569,4.459,,4.68e-05,11.53,11.25
570,4.3393,,4.68e-05,11.41,11.25
571,4.2805,,4.68e-05,11.4,11.25
572,4.5035,,4.68e-05,11.37,11.25
573,3.963,,4.68e-05,11.68,11.25
574,4.3671,,4.68e-05,11.54,11.25
575,3.9803,,4.68e-05,11.44,11.25
576,4.3416,,4.67e-05,11.45,11.25
577,4.1491,,4.67e-05,11.25,11.25
578,4.2932,,4.67e-05,11.38,11.25
579,4.5395,,4.67e-05,11.53,11.25
580,3.7293,,4.67e-05,11.19,11.25
581,3.9172,,4.67e-05,11.22,11.25
582,4.1666,,4.67e-05,11.2,11.25
583,3.7316,,4.67e-05,11.13,11.26
584,3.8752,,4.66e-05,11.55,11.27
585,3.279,,4.66e-05,11.19,11.27
586,4.4156,,4.66e-05,11.42,11.27
587,4.3214,,4.66e-05,11.11,11.27
588,4.2402,,4.66e-05,11.24,11.27
589,3.9194,,4.66e-05,11.59,11.27
590,4.2754,,4.66e-05,11.62,11.27
591,4.1811,,4.65e-05,11.38,11.27
592,4.4677,,4.65e-05,11.45,11.27
593,4.0473,,4.65e-05,11.37,11.27
594,3.1721,,4.65e-05,11.41,11.27
595,3.7484,,4.65e-05,11.57,11.27
596,2.9577,,4.65e-05,11.35,11.27
597,3.9349,,4.65e-05,11.36,11.27
598,3.7159,,4.64e-05,11.2,11.27
599,4.0503,,4.64e-05,11.21,11.27
600,3.335,,4.64e-05,11.4,11.27
601,4.0375,,4.64e-05,11.33,11.27
602,3.2495,,4.64e-05,11.19,11.27
603,3.9702,,4.64e-05,11.17,11.27
604,3.9756,,4.64e-05,11.19,11.27
605,4.4579,,4.64e-05,11.25,11.27
606,4.4669,,4.63e-05,11.4,11.27
607,3.7694,,4.63e-05,11.39,11.27
608,4.3181,,4.63e-05,11.33,11.27
609,4.0317,,4.63e-05,11.32,11.27
610,4.0072,,4.63e-05,10.94,11.27
611,4.4026,,4.63e-05,11.01,11.27
612,4.3444,,4.63e-05,10.91,11.27
613,4.2975,,4.62e-05,10.88,11.27
614,4.2145,,4.62e-05,10.88,11.27
615,4.4313,,4.62e-05,10.85,11.27
616,3.9876,,4.62e-05,10.9,11.27
617,3.935,,4.62e-05,11.11,11.27
618,4.1252,,4.62e-05,11.04,11.27
619,3.1851,,4.62e-05,10.84,11.27
620,3.9888,,4.61e-05,10.69,11.27
621,4.087,,4.61e-05,10.7,11.27
622,4.1794,,4.61e-05,11.15,11.27
623,3.8979,,4.61e-05,11.36,11.27
624,3.9952,,4.61e-05,11.12,11.27
625,4.3372,,4.61e-05,11.55,11.27
626,3.9794,,4.60e-05,11.2,11.27
627,4.5385,,4.60e-05,11.13,11.27
628,3.686,,4.60e-05,11.33,11.27
629,3.4292,,4.60e-05,11.14,11.27
630,3.7425,,4.60e-05,11.15,11.27
631,4.1762,,4.60e-05,11.41,11.27
632,3.9829,,4.60e-05,11.27,11.27
633,3.8357,,4.59e-05,11.77,11.27
634,4.1636,,4.59e-05,11.75,11.27
635,4.0774,,4.59e-05,18.78,11.27
636,4.3413,,4.59e-05,11.42,11.27
637,4.401,,4.59e-05,11.35,11.27
638,4.1421,,4.59e-05,14.1,11.27
639,4.1049,,4.59e-05,13.22,11.27
640,4.2107,,4.58e-05,11.18,11.27
641,4.5126,,4.58e-05,11.33,11.27
642,3.9645,,4.58e-05,11.28,11.27
643,4.3095,,4.58e-05,11.26,11.27
644,3.6445,,4.58e-05,11.43,11.27
645,4.298,,4.58e-05,11.21,11.27
646,4.3891,,4.58e-05,11.28,11.27
647,3.6006,,4.57e-05,11.28,11.27
648,4.593,,4.57e-05,11.22,11.27
649,3.252,,4.57e-05,11.28,11.27
650,4.5949,,4.57e-05,11.3,11.27
651,4.291,,4.57e-05,10.97,11.27
652,4.2862,,4.57e-05,10.84,11.27
653,3.7309,,4.56e-05,10.82,11.27
654,4.2452,,4.56e-05,10.81,11.27
655,3.8323,,4.56e-05,10.82,11.27
656,3.5421,,4.56e-05,10.82,11.27
657,4.1222,,4.56e-05,10.82,11.27
658,3.8062,,4.56e-05,10.82,11.27
659,3.9054,,4.56e-05,10.74,11.27
660,3.9204,,4.55e-05,10.65,11.27
661,4.5399,,4.55e-05,10.69,11.27
662,4.1447,,4.55e-05,10.65,11.27
663,3.9361,,4.55e-05,10.67,11.27
664,4.5428,,4.55e-05,10.65,11.27
665,3.984,,4.55e-05,10.71,11.27
666,4.4884,,4.54e-05,10.69,11.27
667,3.5463,,4.54e-05,10.66,11.27
668,4.5503,,4.54e-05,10.66,11.27
669,4.3573,,4.54e-05,10.67,11.27
670,4.3933,,4.54e-05,10.72,11.27
671,4.234,,4.54e-05,10.8,11.27
672,3.3805,,4.54e-05,10.82,11.27
673,3.4909,,4.53e-05,10.97,11.27
674,4.4306,,4.53e-05,11.01,11.27
675,3.6523,,4.53e-05,10.83,11.27
676,3.2388,,4.53e-05,10.85,11.27
677,3.6969,,4.53e-05,10.7,11.27
678,4.0359,,4.53e-05,10.66,11.27
679,4.2987,,4.52e-05,10.81,11.27
680,3.0985,,4.52e-05,10.78,11.27
681,3.6408,,4.52e-05,10.63,11.27
682,4.312,,4.52e-05,10.62,11.27
683,4.3241,,4.52e-05,10.65,11.27
684,3.7627,,4.52e-05,10.62,11.27
685,4.5047,,4.51e-05,10.84,11.27
686,3.4795,,4.51e-05,10.65,11.27
687,4.5111,,4.51e-05,10.61,11.27
688,4.0231,,4.51e-05,10.73,11.27
689,4.6761,,4.51e-05,10.78,11.27
690,4.3357,,4.51e-05,10.85,11.27
691,3.7205,,4.50e-05,10.94,11.27
692,4.2125,,4.50e-05,11.04,11.27
693,3.995,,4.50e-05,10.94,11.27
694,4.2457,,4.50e-05,10.98,11.27
695,4.2598,,4.50e-05,10.64,11.27
696,4.7664,,4.50e-05,10.71,11.27
697,4.289,,4.50e-05,10.63,11.27
698,4.2423,,4.49e-05,10.58,11.27
699,4.5159,,4.49e-05,10.61,11.27
700,3.7287,,4.49e-05,10.6,11.27
701,4.1112,,4.49e-05,10.62,11.27
702,3.5993,,4.49e-05,10.75,11.27
703,3.7968,,4.49e-05,10.7,11.27
704,3.2587,,4.48e-05,10.61,11.27
705,4.4296,,4.48e-05,10.65,11.27
706,4.1639,,4.48e-05,10.7,11.27
707,4.2689,,4.48e-05,10.77,11.27
708,4.7279,,4.48e-05,10.85,11.27
709,4.6969,,4.48e-05,10.75,11.27
710,4.6401,,4.47e-05,10.75,11.27
711,4.1166,,4.47e-05,10.78,11.27
712,4.0157,,4.47e-05,10.75,11.27
713,4.4605,,4.47e-05,10.79,11.27
714,4.4356,,4.47e-05,10.84,11.27
715,3.7723,,4.47e-05,10.67,11.27
716,4.0347,,4.46e-05,10.6,11.27
717,4.2595,,4.46e-05,10.61,11.27
718,3.3861,,4.46e-05,10.59,11.27
719,4.056,,4.46e-05,10.72,11.27
720,4.2701,,4.46e-05,10.79,11.27
721,3.5593,,4.46e-05,10.62,11.27
722,4.2767,,4.45e-05,10.62,11.27
723,4.7355,,4.45e-05,10.61,11.27
724,4.4836,,4.45e-05,10.6,11.27
725,3.9975,,4.45e-05,10.94,11.27
726,4.012,,4.45e-05,10.85,11.27
727,3.8296,,4.45e-05,10.82,11.27
728,4.1966,,4.44e-05,10.75,11.27
729,4.1783,,4.44e-05,10.75,11.27
730,4.5727,,4.44e-05,10.82,11.27
731,3.2301,,4.44e-05,11.01,11.27
732,4.4525,,4.44e-05,10.79,11.27
733,4.6299,,4.43e-05,10.78,11.27
734,4.4763,,4.43e-05,10.74,11.27
735,4.2686,,4.43e-05,10.77,11.27
736,4.3442,,4.43e-05,10.81,11.27
737,3.9735,,4.43e-05,10.74,11.27
738,4.003,,4.43e-05,10.6,11.27
739,4.5567,,4.42e-05,10.61,11.27
740,4.1555,,4.42e-05,10.57,11.27
741,4.0797,,4.42e-05,10.61,11.27
742,4.5411,,4.42e-05,10.69,11.27
743,4.5125,,4.42e-05,10.71,11.27
744,3.9074,,4.42e-05,10.6,11.27
745,4.2835,,4.41e-05,10.59,11.27
746,3.5212,,4.41e-05,10.58,11.27
747,4.0154,,4.41e-05,10.58,11.27
748,4.2126,,4.41e-05,11.01,11.27
749,3.5045,,4.41e-05,10.9,11.27
750,3.3875,,4.41e-05,10.77,11.27
750,,4.3947,4.41e-05,,9.18
751,4.577,,4.40e-05,10.52,11.22
752,3.1343,,4.40e-05,10.44,11.22
753,4.0202,,4.40e-05,10.34,11.23
754,4.222,,4.40e-05,10.32,11.23
755,3.6161,,4.40e-05,10.42,11.23
756,4.3678,,4.39e-05,10.24,11.23
757,3.853,,4.39e-05,10.21,11.23
758,4.6223,,4.39e-05,10.3,11.23
759,4.368,,4.39e-05,10.27,11.23
760,4.4762,,4.39e-05,10.45,11.23
761,4.2526,,4.39e-05,10.49,11.23
762,3.8488,,4.38e-05,10.39,11.23
763,4.2718,,4.38e-05,10.43,11.23
764,4.2071,,4.38e-05,10.47,11.23
765,3.5482,,4.38e-05,10.57,11.23
766,4.2395,,4.38e-05,10.77,11.23
767,4.518,,4.38e-05,10.8,11.23
768,4.2516,,4.37e-05,10.68,11.23
769,4.0966,,4.37e-05,10.69,11.23
770,4.1066,,4.37e-05,10.84,11.23
771,3.842,,4.37e-05,10.88,11.23
772,4.3493,,4.37e-05,10.9,11.23
773,4.4952,,4.36e-05,10.87,11.23
774,4.3384,,4.36e-05,10.72,11.23
775,3.9616,,4.36e-05,10.61,11.23
776,3.5445,,4.36e-05,10.55,11.23
777,3.9991,,4.36e-05,10.6,11.23
778,4.5407,,4.36e-05,10.91,11.23
779,4.1897,,4.35e-05,10.59,11.23
780,4.2436,,4.35e-05,10.56,11.23
781,3.8449,,4.35e-05,10.56,11.23
782,4.4441,,4.35e-05,10.58,11.23
783,3.6576,,4.35e-05,10.67,11.23
784,4.016,,4.34e-05,10.84,11.23
785,3.7808,,4.34e-05,10.56,11.23
786,4.1669,,4.34e-05,10.61,11.23
787,3.3642,,4.34e-05,10.74,11.23
788,4.3959,,4.34e-05,10.71,11.23
789,3.9296,,4.34e-05,10.88,11.23
790,4.469,,4.33e-05,10.89,11.23
791,4.5084,,4.33e-05,10.73,11.23
792,4.0987,,4.33e-05,10.77,11.23
793,4.5261,,4.33e-05,10.75,11.23
794,3.5914,,4.33e-05,10.71,11.23
795,4.5945,,4.32e-05,10.91,11.23
796,3.9909,,4.32e-05,10.7,11.23
797,4.1583,,4.32e-05,10.58,11.23
798,3.8655,,4.32e-05,10.58,11.23
799,4.4228,,4.32e-05,10.58,11.23
800,4.353,,4.31e-05,10.59,11.23
801,4.4796,,4.31e-05,10.9,11.23
802,3.5981,,4.31e-05,10.68,11.23
803,4.1197,,4.31e-05,10.63,11.23
804,3.9281,,4.31e-05,10.61,11.23
805,4.1537,,4.31e-05,10.57,11.23
806,3.666,,4.30e-05,10.72,11.23
807,4.2834,,4.30e-05,11.01,11.23
808,3.7588,,4.30e-05,10.84,11.23
809,3.7311,,4.30e-05,10.75,11.23
810,4.2292,,4.30e-05,10.8,11.23
811,4.1775,,4.29e-05,10.75,11.23
812,3.6517,,4.29e-05,10.94,11.23
813,3.1807,,4.29e-05,10.91,11.23
814,3.9055,,4.29e-05,10.76,11.23
815,4.399,,4.29e-05,10.75,11.23
816,4.0293,,4.28e-05,10.64,11.23
817,4.4798,,4.28e-05,10.58,11.23
818,4.1425,,4.28e-05,10.78,11.23
819,3.7761,,4.28e-05,10.7,11.23
820,4.4708,,4.28e-05,10.59,11.23
821,4.2921,,4.28e-05,10.57,11.23
822,4.0134,,4.27e-05,10.57,11.24
823,3.4939,,4.27e-05,10.57,11.24
824,2.9664,,4.27e-05,10.77,11.24
825,2.3311,,4.27e-05,10.66,11.24
826,4.6173,,4.27e-05,10.59,11.24
827,4.0963,,4.26e-05,10.65,11.24
828,4.0506,,4.26e-05,10.69,11.24
829,3.6713,,4.26e-05,10.84,11.24
830,3.8542,,4.26e-05,10.92,11.24
831,2.9618,,4.26e-05,10.78,11.24
832,4.3111,,4.25e-05,10.73,11.24
833,3.9007,,4.25e-05,10.71,11.24
834,3.8242,,4.25e-05,10.7,11.24
835,3.7458,,4.25e-05,10.86,11.24
836,3.9623,,4.25e-05,10.89,11.24
837,4.2539,,4.24e-05,10.75,11.24
838,4.2653,,4.24e-05,10.61,11.24
839,4.2101,,4.24e-05,10.56,11.24
840,4.5234,,4.24e-05,10.61,11.24
841,4.116,,4.24e-05,10.78,11.24
842,4.481,,4.23e-05,10.7,11.24
843,4.3601,,4.23e-05,10.62,11.24
844,4.5208,,4.23e-05,10.59,11.24
845,3.8323,,4.23e-05,10.59,11.24
846,4.3636,,4.23e-05,10.61,11.24
847,4.3084,,4.23e-05,10.84,11.24
848,4.3561,,4.22e-05,10.74,11.24
849,3.3909,,4.22e-05,10.75,11.24
850,3.7573,,4.22e-05,10.73,11.24
851,4.4117,,4.22e-05,10.72,11.24
852,4.1443,,4.22e-05,10.79,11.24
853,3.3708,,4.21e-05,10.96,11.24
854,3.5852,,4.21e-05,10.76,11.24
855,3.5642,,4.21e-05,10.76,11.24
856,3.8026,,4.21e-05,10.74,11.24
857,3.9787,,4.21e-05,10.74,11.24
858,4.4884,,4.20e-05,10.84,11.24
859,4.1631,,4.20e-05,10.74,11.24
860,4.3659,,4.20e-05,10.61,11.24
861,4.4527,,4.20e-05,10.58,11.24
862,4.2207,,4.20e-05,10.56,11.24
863,4.4631,,4.19e-05,10.59,11.24
864,4.3591,,4.19e-05,10.7,11.24
865,3.8624,,4.19e-05,10.77,11.24
866,3.7267,,4.19e-05,10.73,11.24
867,3.3741,,4.19e-05,10.71,11.24
868,3.7141,,4.18e-05,10.81,11.24
869,4.653,,4.18e-05,10.7,11.24
870,4.3517,,4.18e-05,10.78,11.24
871,4.3459,,4.18e-05,10.91,11.24
872,4.2071,,4.18e-05,10.89,11.24
873,4.3677,,4.17e-05,10.94,11.24
874,3.8026,,4.17e-05,10.92,11.24
875,4.3011,,4.17e-05,10.89,11.24
876,4.4495,,4.17e-05,10.92,11.24
877,4.1175,,4.17e-05,10.92,11.24
878,3.6923,,4.16e-05,11.0,11.24
879,4.1217,,4.16e-05,10.81,11.24
880,3.8646,,4.16e-05,10.76,11.24
881,3.7401,,4.16e-05,10.86,11.24
882,3.8739,,4.16e-05,10.77,11.24
883,4.2629,,4.15e-05,10.61,11.24
884,4.0204,,4.15e-05,10.59,11.24
885,4.3787,,4.15e-05,10.56,11.24
886,3.1623,,4.15e-05,10.56,11.24
887,4.0649,,4.15e-05,10.8,11.24
888,3.9341,,4.14e-05,10.74,11.24
889,4.242,,4.14e-05,10.59,11.24
890,3.6057,,4.14e-05,10.56,11.24
891,3.9524,,4.14e-05,10.57,11.24
892,3.6247,,4.13e-05,10.61,11.24
893,4.0999,,4.13e-05,10.94,11.24
894,3.2439,,4.13e-05,10.75,11.24
895,4.7755,,4.13e-05,10.7,11.24
896,4.4971,,4.13e-05,10.72,11.24
897,3.8542,,4.12e-05,10.72,11.24
898,3.6006,,4.12e-05,10.86,11.24
899,4.1744,,4.12e-05,10.9,11.24
900,4.1701,,4.12e-05,10.7,11.24
901,4.7628,,4.12e-05,10.73,11.24
902,3.9111,,4.11e-05,10.57,11.24
903,2.8194,,4.11e-05,10.52,11.24
904,4.2986,,4.11e-05,10.71,11.24
905,4.6618,,4.11e-05,10.81,11.24
906,4.0904,,4.11e-05,10.56,11.24
907,4.0003,,4.10e-05,10.56,11.24
908,4.4722,,4.10e-05,10.57,11.24
909,3.3907,,4.10e-05,10.57,11.24
910,4.2018,,4.10e-05,10.76,11.24
911,3.7721,,4.10e-05,10.67,11.24
912,4.4679,,4.09e-05,10.59,11.24
913,4.4971,,4.09e-05,10.65,11.24
914,3.8271,,4.09e-05,10.7,11.24
915,4.1446,,4.09e-05,10.72,11.24
916,3.5629,,4.09e-05,10.93,11.24
917,4.2099,,4.08e-05,10.76,11.24
918,4.1911,,4.08e-05,10.72,11.24
919,3.9094,,4.08e-05,10.71,11.24
920,3.6192,,4.08e-05,10.72,11.24
921,4.0413,,4.07e-05,10.75,11.24
922,4.654,,4.07e-05,10.89,11.24
923,3.5308,,4.07e-05,10.7,11.24
924,4.4487,,4.07e-05,10.6,11.24
925,4.1563,,4.07e-05,10.58,11.24
926,4.4676,,4.06e-05,10.57,11.24
927,4.1424,,4.06e-05,10.68,11.24
928,4.2601,,4.06e-05,10.94,11.24
929,4.1536,,4.06e-05,10.59,11.24
930,3.0546,,4.06e-05,10.59,11.24
931,4.0912,,4.05e-05,10.6,11.24
932,4.284,,4.05e-05,10.6,11.24
933,4.0792,,4.05e-05,10.82,11.24
934,3.8782,,4.05e-05,10.88,11.24
935,3.9999,,4.05e-05,10.79,11.24
936,4.2917,,4.04e-05,10.79,11.24
937,3.7612,,4.04e-05,10.74,11.24
938,4.3928,,4.04e-05,10.75,11.24
939,4.2192,,4.04e-05,11.01,11.24
940,4.0591,,4.03e-05,10.92,11.24
941,4.2285,,4.03e-05,10.76,11.24
942,4.0235,,4.03e-05,10.73,11.24
943,4.208,,4.03e-05,10.64,11.24
944,4.3065,,4.03e-05,10.63,11.24
945,4.605,,4.02e-05,10.86,11.24
946,3.8171,,4.02e-05,10.63,11.24
947,3.8561,,4.02e-05,10.58,11.24
948,4.528,,4.02e-05,10.6,11.24
949,3.6992,,4.02e-05,10.59,11.24
950,4.0098,,4.01e-05,10.64,11.24
951,4.1292,,4.01e-05,10.81,11.24
952,3.991,,4.01e-05,10.58,11.24
953,4.032,,4.01e-05,10.58,11.24
954,3.5856,,4.00e-05,10.66,11.24
955,4.5332,,4.00e-05,10.73,11.24
956,4.145,,4.00e-05,10.84,11.24
957,3.9269,,4.00e-05,10.89,11.24
958,3.7829,,4.00e-05,10.75,11.24
959,4.237,,3.99e-05,10.73,11.24
960,4.4315,,3.99e-05,10.74,11.24
961,4.1068,,3.99e-05,10.73,11.24
962,4.0289,,3.99e-05,10.88,11.24
963,4.2559,,3.98e-05,10.71,11.24
964,3.6989,,3.98e-05,10.59,11.24
965,4.1819,,3.98e-05,10.56,11.24
966,4.347,,3.98e-05,10.6,11.24
967,4.2868,,3.98e-05,10.63,11.24
968,4.4433,,3.97e-05,10.78,11.24
969,4.1221,,3.97e-05,10.58,11.24
970,4.7487,,3.97e-05,10.61,11.24
971,3.788,,3.97e-05,10.59,11.24
972,3.7627,,3.97e-05,10.61,11.24
973,4.3845,,3.96e-05,10.61,11.24
974,4.2326,,3.96e-05,10.87,11.24
975,3.6664,,3.96e-05,10.9,11.24
976,3.4195,,3.96e-05,10.89,11.24
977,4.3968,,3.95e-05,10.88,11.24
978,4.4302,,3.95e-05,10.73,11.24
979,4.3421,,3.95e-05,10.83,11.24
980,2.8068,,3.95e-05,10.76,11.24
981,3.1696,,3.95e-05,10.74,11.24
982,3.9508,,3.94e-05,10.74,11.24
983,3.8117,,3.94e-05,10.65,11.24
984,4.4186,,3.94e-05,10.56,11.24
985,4.2058,,3.94e-05,10.75,11.24
986,4.4702,,3.93e-05,10.75,11.24
987,4.6988,,3.93e-05,10.57,11.24
988,4.1425,,3.93e-05,10.58,11.24
989,4.0469,,3.93e-05,10.57,11.24
990,4.4485,,3.93e-05,10.64,11.24
991,4.2595,,3.92e-05,10.65,11.24
992,4.4108,,3.92e-05,10.61,11.24
993,3.4256,,3.92e-05,10.56,11.24
994,4.524,,3.92e-05,10.65,11.24
995,4.0836,,3.91e-05,10.78,11.24
996,4.2292,,3.91e-05,10.74,11.24
997,4.4124,,3.91e-05,11.02,11.24
998,3.622,,3.91e-05,10.86,11.24
999,4.3156,,3.91e-05,10.73,11.24
1000,4.0052,,3.90e-05,10.73,11.24
1000,,4.3873,3.90e-05,,9.18
1001,4.1406,,3.90e-05,10.31,11.24
1002,4.0852,,3.90e-05,10.28,11.24
1003,4.4305,,3.90e-05,10.44,11.24
1004,3.6802,,3.89e-05,10.37,11.24
1005,4.1286,,3.89e-05,10.19,11.24
1006,4.3861,,3.89e-05,10.16,11.24
1007,3.9997,,3.89e-05,10.16,11.24
1008,3.8296,,3.88e-05,10.25,11.24
1009,4.0245,,3.88e-05,10.4,11.24
1010,3.6195,,3.88e-05,10.47,11.24
1011,3.7197,,3.88e-05,10.5,11.25
1012,4.6301,,3.88e-05,10.54,11.25
1013,4.3042,,3.87e-05,10.62,11.26
1014,4.7188,,3.87e-05,10.61,11.26
1015,3.7134,,3.87e-05,11.16,11.26
1016,4.3251,,3.87e-05,10.77,11.26
1017,3.948,,3.86e-05,11.15,11.26
1018,3.7408,,3.86e-05,11.99,11.26
1019,4.4416,,3.86e-05,12.53,11.26
1020,3.7645,,3.86e-05,11.97,11.26
1021,4.1269,,3.86e-05,10.74,11.26
1022,4.1624,,3.85e-05,10.65,11.26
1023,4.4952,,3.85e-05,10.59,11.26
1024,4.3985,,3.85e-05,10.6,11.26
1025,4.0796,,3.85e-05,10.88,11.26
1026,4.4659,,3.84e-05,10.98,11.26
1027,3.5343,,3.84e-05,11.18,11.26
1028,3.7648,,3.84e-05,11.27,11.26
1029,3.6781,,3.84e-05,11.6,11.26
1030,3.0932,,3.83e-05,11.58,11.26
1031,4.8915,,3.83e-05,11.94,11.26
1032,4.1835,,3.83e-05,11.84,11.26
1033,4.0287,,3.83e-05,12.35,11.26
1034,4.3881,,3.83e-05,12.43,11.26
1035,2.9815,,3.82e-05,13.3,11.26
1036,3.5808,,3.82e-05,12.97,11.26
1037,3.7721,,3.82e-05,13.55,11.26
1038,3.7353,,3.82e-05,15.21,11.26
1039,4.115,,3.81e-05,12.35,11.26
1040,3.9449,,3.81e-05,12.54,11.26
1041,4.5615,,3.81e-05,12.95,11.26
1042,3.6017,,3.81e-05,12.86,11.26
1043,4.2033,,3.81e-05,13.21,11.26
1044,4.0498,,3.80e-05,13.2,11.26
1045,4.14,,3.80e-05,13.17,11.26
1046,4.3054,,3.80e-05,13.64,11.26
1047,3.8029,,3.80e-05,13.03,11.26
1048,4.417,,3.79e-05,13.02,11.26
1049,4.3254,,3.79e-05,13.12,11.26
1050,4.1824,,3.79e-05,13.09,11.26
1051,4.4785,,3.79e-05,12.88,11.26
1052,4.3071,,3.78e-05,12.89,11.26
1053,4.473,,3.78e-05,12.96,11.26
1054,3.8934,,3.78e-05,12.92,11.26
1055,3.1002,,3.78e-05,12.99,11.26
1056,3.9219,,3.77e-05,12.91,11.26
1057,4.5888,,3.77e-05,12.9,11.26
1058,4.3937,,3.77e-05,12.77,11.26
1059,3.9436,,3.77e-05,12.85,11.26
1060,4.2735,,3.77e-05,12.66,11.26
1061,4.1176,,3.76e-05,12.91,11.26
1062,4.2891,,3.76e-05,12.89,11.26
1063,4.5914,,3.76e-05,12.88,11.26
1064,4.1572,,3.76e-05,11.78,11.26
1065,4.12,,3.75e-05,11.32,11.26
1066,4.2928,,3.75e-05,12.61,11.26
1067,4.0171,,3.75e-05,11.81,11.26
1068,3.6958,,3.75e-05,11.29,11.26
1069,4.5626,,3.74e-05,12.45,11.26
1070,3.9585,,3.74e-05,12.03,11.26
1071,4.3634,,3.74e-05,12.72,11.26
1072,4.0667,,3.74e-05,12.42,11.26
1073,4.0599,,3.74e-05,12.25,11.26
1074,4.2556,,3.73e-05,12.2,11.26
1075,4.4477,,3.73e-05,13.55,11.26
1076,3.9495,,3.73e-05,13.84,11.26
1077,4.0193,,3.73e-05,13.83,11.26
1078,3.8624,,3.72e-05,12.93,11.26
1079,3.9292,,3.72e-05,12.96,11.26
1080,3.7704,,3.72e-05,13.09,11.26
1081,4.3489,,3.72e-05,14.26,11.26
1082,4.3074,,3.71e-05,14.53,11.26
1083,4.3229,,3.71e-05,12.96,11.26
1084,4.4497,,3.71e-05,13.14,11.26
1085,3.8784,,3.71e-05,13.09,11.26
1086,4.0388,,3.70e-05,13.35,11.26
1087,4.4336,,3.70e-05,11.95,11.26
1088,3.4704,,3.70e-05,11.46,11.26
1089,3.693,,3.70e-05,11.63,11.26
1090,3.6751,,3.69e-05,11.32,11.26
1091,4.2354,,3.69e-05,11.24,11.26
1092,4.5259,,3.69e-05,11.21,11.26
1093,4.0451,,3.69e-05,11.18,11.26
1094,4.5474,,3.69e-05,11.16,11.26
1095,4.485,,3.68e-05,11.19,11.26
1096,4.144,,3.68e-05,11.1,11.26
1097,4.0314,,3.68e-05,10.98,11.26
1098,3.7197,,3.68e-05,11.17,11.26
1099,4.3745,,3.67e-05,11.2,11.26
1100,3.4145,,3.67e-05,11.54,11.26
1101,3.598,,3.67e-05,11.89,11.26
1102,3.542,,3.67e-05,11.49,11.26
1103,3.4837,,3.66e-05,11.55,11.26
1104,3.5523,,3.66e-05,11.6,11.26
1105,4.2697,,3.66e-05,11.78,11.26
1106,3.9546,,3.66e-05,12.27,11.26
1107,4.3925,,3.65e-05,11.49,11.26
1108,4.4722,,3.65e-05,11.82,11.26
1109,4.0905,,3.65e-05,11.44,11.26
1110,4.2652,,3.65e-05,11.6,11.26
1111,4.0054,,3.64e-05,11.53,11.26
1112,4.0895,,3.64e-05,11.25,11.26
1113,3.6993,,3.64e-05,11.23,11.26
1114,3.9822,,3.64e-05,11.32,11.26
1115,3.7073,,3.63e-05,11.09,11.26
1116,4.3827,,3.63e-05,11.33,11.26
1117,4.1089,,3.63e-05,11.45,11.26
1118,3.1341,,3.63e-05,11.91,11.27
1119,4.4208,,3.63e-05,11.9,11.27
1120,4.2772,,3.62e-05,12.06,11.27
1121,4.242,,3.62e-05,11.86,11.27
1122,3.638,,3.62e-05,11.89,11.27
1123,4.2224,,3.62e-05,11.14,11.27
1124,3.7672,,3.61e-05,11.91,11.27
1125,3.9268,,3.61e-05,12.8,11.27
1126,3.7874,,3.61e-05,12.22,11.27
1127,4.1708,,3.61e-05,12.36,11.27
1128,4.062,,3.60e-05,12.16,11.27
1129,4.2807,,3.60e-05,12.2,11.27
1130,4.4244,,3.60e-05,12.03,11.27
1131,3.7952,,3.60e-05,12.03,11.27
1132,3.6507,,3.59e-05,12.44,11.27
1133,4.2701,,3.59e-05,11.68,11.27
1134,4.1632,,3.59e-05,10.91,11.27
1135,4.0505,,3.59e-05,10.87,11.27
1136,3.8228,,3.58e-05,10.88,11.27
1137,4.2409,,3.58e-05,11.06,11.27
1138,4.2074,,3.58e-05,11.04,11.27
1139,4.764,,3.58e-05,11.33,11.27
1140,4.3589,,3.57e-05,11.96,11.27
1141,3.1348,,3.57e-05,12.07,11.27
1142,4.0904,,3.57e-05,12.62,11.27
1143,3.5169,,3.57e-05,12.92,11.27
1144,3.9421,,3.56e-05,11.43,11.27
1145,4.2908,,3.56e-05,12.38,11.27
1146,4.3851,,3.56e-05,11.62,11.27
1147,4.1733,,3.56e-05,10.86,11.27
1148,4.3124,,3.55e-05,11.0,11.27
1149,4.3655,,3.55e-05,10.82,11.27
1150,4.1411,,3.55e-05,10.76,11.27
1151,3.3664,,3.55e-05,10.76,11.27
1152,3.9332,,3.54e-05,10.74,11.27
1153,3.8201,,3.54e-05,10.81,11.27
1154,4.5719,,3.54e-05,10.82,11.27
1155,4.3074,,3.54e-05,10.76,11.27
1156,3.8145,,3.53e-05,10.72,11.27
1157,3.8318,,3.53e-05,10.72,11.27
1158,3.8782,,3.53e-05,10.68,11.27
1159,3.221,,3.53e-05,10.83,11.27
1160,4.4848,,3.53e-05,10.94,11.27
1161,4.3038,,3.52e-05,10.7,11.27
1162,3.5749,,3.52e-05,10.65,11.27
1163,3.6499,,3.52e-05,10.66,11.27
1164,3.3009,,3.52e-05,10.72,11.27
1165,3.6964,,3.51e-05,10.84,11.27
1166,3.3748,,3.51e-05,10.78,11.27
1167,3.9809,,3.51e-05,10.64,11.27
1168,3.2614,,3.51e-05,10.62,11.27
1169,3.9498,,3.50e-05,10.64,11.27
1170,4.3853,,3.50e-05,10.62,11.27
1171,4.5634,,3.50e-05,10.75,11.27
1172,4.3812,,3.50e-05,10.65,11.27
1173,3.0593,,3.49e-05,10.62,11.27
1174,4.2792,,3.49e-05,10.61,11.27
1175,4.4964,,3.49e-05,10.64,11.27
1176,3.9534,,3.49e-05,10.63,11.27
1177,4.1562,,3.48e-05,10.78,11.27
1178,4.1066,,3.48e-05,10.56,11.27
1179,4.3855,,3.48e-05,10.54,11.27
1180,4.4712,,3.48e-05,10.55,11.27
1181,4.4252,,3.47e-05,10.51,11.27
1182,3.9219,,3.47e-05,10.59,11.27
1183,4.3589,,3.47e-05,10.74,11.27
1184,3.7565,,3.47e-05,10.59,11.27
1185,3.9189,,3.46e-05,10.52,11.27
1186,4.5164,,3.46e-05,10.53,11.27
1187,3.9128,,3.46e-05,10.52,11.27
1188,4.3627,,3.46e-05,10.68,11.27
1189,4.1173,,3.45e-05,10.81,11.27
1190,4.4405,,3.45e-05,10.6,11.27
1191,4.1175,,3.45e-05,10.59,11.27
1192,3.9791,,3.45e-05,10.55,11.27
1193,4.5342,,3.44e-05,10.56,11.27
1194,3.971,,3.44e-05,10.72,11.27
1195,4.0266,,3.44e-05,10.81,11.27
1196,4.0125,,3.44e-05,10.81,11.27
1197,4.1248,,3.43e-05,10.74,11.27
1198,4.2431,,3.43e-05,10.59,11.27
1199,4.4162,,3.43e-05,10.57,11.27
1200,3.5091,,3.43e-05,10.64,11.27
1201,3.9043,,3.42e-05,10.56,11.27
1202,3.8995,,3.42e-05,10.6,11.27
1203,4.4712,,3.42e-05,10.59,11.27
1204,4.3075,,3.42e-05,10.56,11.27
1205,4.1227,,3.41e-05,10.58,11.27
1206,3.9053,,3.41e-05,10.85,11.27
1207,4.4831,,3.41e-05,10.59,11.27
1208,4.4406,,3.41e-05,10.57,11.27
1209,4.6808,,3.40e-05,10.58,11.27
1210,4.561,,3.40e-05,10.55,11.27
1211,4.0437,,3.40e-05,10.63,11.27
1212,4.062,,3.40e-05,10.69,11.27
1213,4.5596,,3.39e-05,10.6,11.27
1214,4.2516,,3.39e-05,10.55,11.27
1215,4.0206,,3.39e-05,10.57,11.27
1216,3.4856,,3.38e-05,10.55,11.27
1217,4.4749,,3.38e-05,10.54,11.27
1218,4.4525,,3.38e-05,10.6,11.27
1219,4.4399,,3.38e-05,10.54,11.27
1220,3.7706,,3.37e-05,10.52,11.27
1221,4.3052,,3.37e-05,10.52,11.27
1222,4.6265,,3.37e-05,10.51,11.27
1223,4.1708,,3.37e-05,10.54,11.27
1224,3.9204,,3.36e-05,10.54,11.27
1225,3.7119,,3.36e-05,10.56,11.27
1226,4.3236,,3.36e-05,10.56,11.27
1227,3.4997,,3.36e-05,10.58,11.27
1228,3.778,,3.35e-05,10.58,11.27
1229,4.2044,,3.35e-05,10.63,11.27
1230,4.1875,,3.35e-05,10.55,11.27
1231,3.7949,,3.35e-05,10.57,11.27
1232,3.934,,3.34e-05,10.55,11.27
1233,4.3939,,3.34e-05,10.6,11.27
1234,3.9232,,3.34e-05,10.59,11.27
1235,4.5054,,3.34e-05,10.65,11.27
1236,4.3589,,3.33e-05,10.61,11.27
1237,4.1479,,3.33e-05,10.58,11.27
1238,4.1395,,3.33e-05,10.57,11.27
1239,4.4742,,3.33e-05,10.59,11.27
1240,4.2626,,3.32e-05,10.56,11.27
1241,4.026,,3.32e-05,10.58,11.27
1242,4.3082,,3.32e-05,10.62,11.27
1243,3.9128,,3.32e-05,10.59,11.27
1244,4.0359,,3.31e-05,10.55,11.27
1245,4.1277,,3.31e-05,10.57,11.27
1246,4.3805,,3.31e-05,10.73,11.27
1247,4.0723,,3.31e-05,10.87,11.27
1248,3.879,,3.30e-05,10.53,11.27
1249,4.2227,,3.30e-05,10.56,11.27
1250,3.673,,3.30e-05,10.56,11.27
1250,,4.3822,3.30e-05,,9.19
1251,3.9025,,3.30e-05,10.27,11.24
1252,3.8533,,3.29e-05,10.33,11.24
1253,3.9457,,3.29e-05,10.2,11.24
1254,3.4152,,3.29e-05,10.09,11.24
1255,3.8123,,3.29e-05,10.08,11.24
1256,3.4903,,3.28e-05,10.09,11.24
1257,4.1244,,3.28e-05,10.16,11.24
1258,3.7139,,3.28e-05,10.31,11.24
1259,4.2795,,3.28e-05,10.42,11.24
1260,2.6037,,3.27e-05,10.23,11.24
1261,4.1508,,3.27e-05,10.25,11.25
1262,3.9878,,3.27e-05,10.3,11.25
1263,4.3384,,3.26e-05,10.37,11.25
1264,4.6088,,3.26e-05,10.53,11.25
1265,4.2506,,3.26e-05,10.6,11.25
1266,3.8954,,3.26e-05,10.42,11.26
1267,3.3575,,3.25e-05,10.44,11.26
1268,4.6337,,3.25e-05,10.47,11.26
1269,4.1327,,3.25e-05,10.51,11.26
1270,4.5139,,3.25e-05,10.71,11.26
1271,4.109,,3.24e-05,10.56,11.26
1272,4.1189,,3.24e-05,10.51,11.26
1273,3.4018,,3.24e-05,10.53,11.26
1274,4.042,,3.24e-05,10.52,11.26
1275,4.4563,,3.23e-05,10.52,11.26
1276,3.9477,,3.23e-05,10.8,11.26
1277,3.9943,,3.23e-05,10.62,11.26
1278,4.4076,,3.23e-05,10.57,11.26
1279,4.2003,,3.22e-05,10.91,11.26
1280,4.4519,,3.22e-05,10.53,11.26
1281,4.1297,,3.22e-05,10.54,11.26
1282,4.0749,,3.22e-05,10.84,11.26
1283,4.2577,,3.21e-05,11.48,11.26
1284,3.7734,,3.21e-05,10.89,11.26
1285,4.0944,,3.21e-05,10.98,11.26
1286,4.5063,,3.21e-05,12.19,11.26
1287,3.9165,,3.20e-05,11.03,11.26
1288,3.8722,,3.20e-05,11.07,11.26
1289,4.0841,,3.20e-05,10.96,11.26
1290,3.5163,,3.19e-05,10.87,11.26
1291,3.7631,,3.19e-05,11.03,11.26
1292,4.2481,,3.19e-05,11.03,11.26
1293,4.3151,,3.19e-05,12.37,11.26
1294,3.555,,3.18e-05,10.81,11.26
1295,3.871,,3.18e-05,11.12,11.26
1296,4.3999,,3.18e-05,10.86,11.26
1297,3.5453,,3.18e-05,10.68,11.26
1298,4.219,,3.17e-05,11.12,11.26
1299,4.1039,,3.17e-05,12.75,11.26
1300,4.2936,,3.17e-05,11.07,11.26
1301,3.8223,,3.17e-05,13.77,11.26
1302,4.246,,3.16e-05,14.19,11.26
1303,3.1924,,3.16e-05,12.5,11.26
1304,3.8978,,3.16e-05,11.87,11.26
1305,3.5489,,3.16e-05,11.44,11.26
1306,3.7039,,3.15e-05,10.85,11.26
1307,4.236,,3.15e-05,10.75,11.26
1308,4.1922,,3.15e-05,11.67,11.26
1309,3.8327,,3.15e-05,11.51,11.26
1310,4.2471,,3.14e-05,11.06,11.26
1311,4.5848,,3.14e-05,11.39,11.26
1312,4.1715,,3.14e-05,11.39,11.26
1313,4.5767,,3.13e-05,11.46,11.26
1314,4.3631,,3.13e-05,11.48,11.26
1315,4.0656,,3.13e-05,11.46,11.26
1316,3.6446,,3.13e-05,10.82,11.26
1317,4.3904,,3.12e-05,10.8,11.26
1318,3.6761,,3.12e-05,10.93,11.26
1319,3.3932,,3.12e-05,11.9,11.26
1320,3.8367,,3.12e-05,13.76,11.26
1321,4.4251,,3.11e-05,13.04,11.26
1322,3.7912,,3.11e-05,13.17,11.26
1323,4.42,,3.11e-05,13.04,11.26
1324,4.1376,,3.11e-05,12.33,11.26
1325,4.0676,,3.10e-05,11.65,11.26
1326,3.8548,,3.10e-05,11.42,11.26
1327,3.0977,,3.10e-05,11.39,11.26
1328,2.8609,,3.10e-05,11.51,11.26
1329,3.7648,,3.09e-05,11.29,11.26
1330,3.9294,,3.09e-05,11.53,11.26
1331,4.1287,,3.09e-05,11.24,11.26
1332,3.6469,,3.08e-05,11.65,11.26
1333,4.3976,,3.08e-05,11.57,11.26
1334,4.3594,,3.08e-05,11.26,11.26
1335,3.7336,,3.08e-05,11.61,11.26
1336,3.3894,,3.07e-05,11.69,11.26
1337,4.4446,,3.07e-05,11.59,11.26
1338,3.9672,,3.07e-05,11.36,11.26
1339,3.5332,,3.07e-05,11.69,11.26
1340,3.7153,,3.06e-05,11.65,11.26
1341,3.9977,,3.06e-05,11.28,11.26
1342,3.3088,,3.06e-05,11.46,11.26
1343,4.2208,,3.06e-05,11.71,11.26
1344,4.4259,,3.05e-05,11.87,11.26
1345,4.1458,,3.05e-05,12.01,11.26
1346,3.9926,,3.05e-05,11.79,11.26
1347,4.5233,,3.05e-05,11.33,11.26
1348,4.3431,,3.04e-05,11.67,11.26
1349,4.233,,3.04e-05,11.6,11.26
1350,4.7226,,3.04e-05,11.46,11.26
1351,4.6099,,3.03e-05,11.71,11.26
1352,3.6012,,3.03e-05,11.43,11.26
1353,4.1549,,3.03e-05,11.15,11.26
1354,4.3594,,3.03e-05,11.25,11.26
1355,3.9369,,3.02e-05,11.2,11.26
1356,4.3862,,3.02e-05,11.25,11.26
1357,4.4916,,3.02e-05,11.72,11.26
1358,4.1282,,3.02e-05,11.96,11.26
1359,3.9871,,3.01e-05,12.43,11.26
1360,3.8214,,3.01e-05,12.17,11.26
1361,4.2869,,3.01e-05,12.05,11.26
1362,3.9542,,3.01e-05,12.08,11.26
1363,4.4092,,3.00e-05,11.85,11.26
1364,4.3288,,3.00e-05,11.86,11.26
1365,3.4014,,3.00e-05,12.0,11.26
1366,4.2117,,3.00e-05,12.05,11.26
1367,3.7057,,2.99e-05,12.01,11.26
1368,4.1869,,2.99e-05,11.05,11.26
1369,4.248,,2.99e-05,11.41,11.26
1370,4.6971,,2.98e-05,11.73,11.26
1371,3.939,,2.98e-05,11.64,11.26
1372,3.5841,,2.98e-05,11.36,11.26
1373,4.2782,,2.98e-05,12.72,11.26
1374,4.0027,,2.97e-05,11.52,11.26
1375,3.9545,,2.97e-05,11.75,11.26
1376,4.3036,,2.97e-05,11.19,11.26
1377,3.8828,,2.97e-05,11.32,11.26
1378,4.2275,,2.96e-05,12.3,11.26
1379,4.1997,,2.96e-05,12.06,11.26
1380,3.4561,,2.96e-05,11.55,11.26
1381,3.7316,,2.96e-05,11.16,11.26
1382,3.9354,,2.95e-05,11.21,11.26
1383,4.7742,,2.95e-05,11.44,11.26
1384,3.9498,,2.95e-05,11.53,11.26
1385,3.935,,2.94e-05,11.49,11.26
1386,3.1501,,2.94e-05,11.32,11.26
1387,4.5145,,2.94e-05,11.45,11.26
1388,3.1723,,2.94e-05,11.53,11.26
1389,4.1844,,2.93e-05,11.32,11.26
1390,3.6925,,2.93e-05,11.14,11.26
1391,3.7554,,2.93e-05,11.04,11.26
1392,3.894,,2.93e-05,11.06,11.26
1393,4.0053,,2.92e-05,11.14,11.26
1394,3.8674,,2.92e-05,11.31,11.26
1395,4.2766,,2.92e-05,11.08,11.26
1396,4.4858,,2.92e-05,11.03,11.26
1397,3.6171,,2.91e-05,11.1,11.26
1398,4.53,,2.91e-05,10.94,11.26
1399,4.0551,,2.91e-05,10.93,11.26
1400,4.1533,,2.90e-05,10.94,11.26
1401,3.9794,,2.90e-05,10.85,11.26
1402,4.4413,,2.90e-05,10.74,11.26
1403,4.3256,,2.90e-05,10.67,11.26
1404,4.1883,,2.89e-05,10.69,11.26
1405,3.8163,,2.89e-05,10.69,11.26
1406,3.9462,,2.89e-05,10.72,11.26
1407,4.6504,,2.89e-05,10.47,11.26
1408,3.9938,,2.88e-05,10.41,11.26
1409,4.3738,,2.88e-05,10.41,11.26
1410,3.5804,,2.88e-05,10.37,11.26
1411,4.3581,,2.88e-05,10.42,11.26
1412,4.1187,,2.87e-05,10.32,11.26
1413,4.3268,,2.87e-05,10.23,11.26
1414,3.6702,,2.87e-05,10.16,11.26
1415,3.0999,,2.86e-05,10.16,11.26
1416,4.4595,,2.86e-05,10.05,11.26
1417,4.3816,,2.86e-05,10.06,11.26
1418,4.4657,,2.86e-05,10.08,11.26
1419,3.9553,,2.85e-05,10.08,11.26
1420,4.0553,,2.85e-05,10.02,11.26
1421,3.5211,,2.85e-05,9.96,11.26
1422,4.4137,,2.85e-05,9.95,11.26
1423,4.4257,,2.84e-05,9.99,11.26
1424,4.2616,,2.84e-05,9.99,11.26
1425,4.097,,2.84e-05,9.91,11.26
1426,3.6025,,2.83e-05,9.9,11.26
1427,3.6297,,2.83e-05,9.89,11.26
1428,4.1621,,2.83e-05,9.93,11.26
1429,3.4537,,2.83e-05,9.91,11.26
1430,3.9368,,2.82e-05,9.84,11.26
1431,3.5187,,2.82e-05,9.84,11.26
1432,3.5625,,2.82e-05,9.86,11.28
1433,3.9403,,2.82e-05,9.83,11.28
1434,4.5027,,2.81e-05,9.85,11.28
1435,3.7336,,2.81e-05,9.82,11.28
1436,4.2556,,2.81e-05,9.81,11.28
1437,4.2896,,2.81e-05,9.86,11.28
1438,4.2388,,2.80e-05,9.79,11.28
1439,4.2703,,2.80e-05,9.83,11.28
1440,4.1916,,2.80e-05,9.79,11.28
1441,4.164,,2.79e-05,9.77,11.28
1442,4.1339,,2.79e-05,9.8,11.28
1443,3.7224,,2.79e-05,9.77,11.28
1444,4.1449,,2.79e-05,9.78,11.28
1445,4.0269,,2.78e-05,9.75,11.28
1446,3.9489,,2.78e-05,9.72,11.28
1447,3.9212,,2.78e-05,9.83,11.28
1448,4.2596,,2.78e-05,9.84,11.28
1449,4.3033,,2.77e-05,9.74,11.28
1450,3.885,,2.77e-05,9.73,11.28
1451,4.6342,,2.77e-05,9.72,11.28
1452,4.0879,,2.76e-05,9.74,11.28
1453,4.4386,,2.76e-05,9.76,11.28
1454,4.4395,,2.76e-05,9.91,11.28
1455,3.9399,,2.76e-05,9.71,11.28
1456,3.9528,,2.75e-05,9.73,11.28
1457,4.3197,,2.75e-05,9.78,11.28
1458,4.1997,,2.75e-05,9.78,11.28
1459,4.018,,2.75e-05,9.74,11.28
1460,4.3921,,2.74e-05,9.88,11.28
1461,4.4308,,2.74e-05,9.84,11.28
1462,4.1231,,2.74e-05,9.76,11.28
1463,4.3503,,2.74e-05,9.82,11.28
1464,4.0287,,2.73e-05,9.76,11.28
1465,4.4447,,2.73e-05,9.78,11.28
1466,4.2761,,2.73e-05,9.88,11.28
1467,4.2506,,2.72e-05,9.92,11.28
1468,4.2529,,2.72e-05,9.84,11.28
1469,4.5371,,2.72e-05,9.78,11.28
1470,4.6685,,2.72e-05,9.79,11.28
1471,3.557,,2.71e-05,9.8,11.28
1472,4.0216,,2.71e-05,9.82,11.28
1473,4.6044,,2.71e-05,9.96,11.28
1474,4.4502,,2.71e-05,9.79,11.28
1475,4.4382,,2.70e-05,9.78,11.28
1476,4.4309,,2.70e-05,9.87,11.28
1477,2.8092,,2.70e-05,9.83,11.28
1478,3.6265,,2.69e-05,9.78,11.28
1479,4.3326,,2.69e-05,9.89,11.28
1480,4.4135,,2.69e-05,9.83,11.28
1481,4.3624,,2.69e-05,9.8,11.28
1482,4.1245,,2.68e-05,9.79,11.29
1483,4.405,,2.68e-05,9.76,11.29
1484,3.816,,2.68e-05,9.76,11.29
1485,3.362,,2.68e-05,9.89,11.29
1486,3.9791,,2.67e-05,9.94,11.29
1487,4.2433,,2.67e-05,9.82,11.29
1488,4.2066,,2.67e-05,9.77,11.29
1489,4.0526,,2.67e-05,9.77,11.29
1490,3.5527,,2.66e-05,9.82,11.29
1491,4.4996,,2.66e-05,9.76,11.29
1492,4.0077,,2.66e-05,9.99,11.29
1493,3.1052,,2.65e-05,9.86,11.29
1494,4.0125,,2.65e-05,9.79,11.29
1495,4.2612,,2.65e-05,9.83,11.29
1496,4.1623,,2.65e-05,9.81,11.29
1497,4.3335,,2.64e-05,9.82,11.29
1498,3.701,,2.64e-05,9.94,11.29
1499,4.2575,,2.64e-05,9.83,11.29
1500,3.2774,,2.64e-05,9.81,11.29
1500,,4.3783,2.64e-05,,9.2
1501,3.6166,,2.63e-05,9.55,11.25
1502,3.0484,,2.63e-05,9.51,11.25
1503,3.9654,,2.63e-05,9.47,11.27
1504,4.3523,,2.62e-05,9.5,11.27
1505,3.6107,,2.62e-05,9.56,11.27
1506,4.4473,,2.62e-05,9.49,11.27
1507,3.8371,,2.62e-05,9.46,11.27
1508,4.1212,,2.61e-05,9.5,11.27
1509,3.9519,,2.61e-05,9.54,11.27
1510,4.3541,,2.61e-05,9.56,11.27
1511,4.0404,,2.61e-05,9.61,11.27
1512,3.4366,,2.60e-05,9.61,11.27
1513,4.0075,,2.60e-05,9.57,11.27
1514,4.0679,,2.60e-05,9.63,11.27
1515,3.345,,2.59e-05,9.67,11.27
1516,4.1187,,2.59e-05,9.64,11.27
1517,4.4879,,2.59e-05,9.67,11.27
1518,4.5937,,2.59e-05,9.82,11.27
1519,3.8508,,2.58e-05,9.69,11.27
1520,4.5743,,2.58e-05,9.74,11.27
1521,4.2296,,2.58e-05,9.66,11.27
1522,3.4919,,2.58e-05,9.67,11.27
1523,4.4396,,2.57e-05,9.75,11.27
1524,3.6534,,2.57e-05,9.83,11.27
1525,3.8125,,2.57e-05,9.77,11.27
1526,4.4191,,2.56e-05,9.7,11.27
1527,4.6117,,2.56e-05,9.7,11.27
1528,3.9942,,2.56e-05,9.73,11.27
1529,3.7575,,2.56e-05,9.69,11.27
1530,3.9645,,2.55e-05,9.8,11.27
1531,4.3757,,2.55e-05,9.84,11.27
1532,3.1598,,2.55e-05,9.71,11.27
1533,4.1685,,2.55e-05,9.75,11.27
1534,4.3088,,2.54e-05,9.76,11.27
1535,3.6332,,2.54e-05,9.73,11.27
1536,3.4302,,2.54e-05,9.72,11.27
1537,3.4795,,2.54e-05,9.89,11.27
1538,4.4131,,2.53e-05,9.77,11.27
1539,3.6716,,2.53e-05,9.74,11.27
1540,4.3337,,2.53e-05,9.73,11.27
1541,4.6843,,2.52e-05,9.73,11.27
1542,4.3085,,2.52e-05,9.73,11.27
1543,4.0202,,2.52e-05,9.88,11.27
1544,3.5719,,2.52e-05,9.83,11.27
1545,3.7627,,2.51e-05,9.86,11.27
1546,3.2532,,2.51e-05,9.73,11.27
1547,3.7826,,2.51e-05,9.74,11.27
1548,4.251,,2.51e-05,9.78,11.27
1549,4.3108,,2.50e-05,9.83,11.27
1550,4.0422,,2.50e-05,9.93,11.27
1551,3.9063,,2.50e-05,9.77,11.27
1552,4.1795,,2.49e-05,9.81,11.27
1553,4.2048,,2.49e-05,9.8,11.27
1554,4.26,,2.49e-05,9.82,11.27
1555,4.385,,2.49e-05,9.78,11.27
1556,3.8517,,2.48e-05,9.95,11.27
1557,3.5108,,2.48e-05,9.82,11.27
1558,4.2723,,2.48e-05,9.78,11.27
1559,4.0988,,2.48e-05,9.81,11.27
1560,3.6595,,2.47e-05,9.77,11.27
1561,4.0969,,2.47e-05,9.78,11.27
1562,4.2212,,2.47e-05,10.01,11.27
1563,4.003,,2.46e-05,9.88,11.27
1564,4.3628,,2.46e-05,9.81,11.27
1565,3.1288,,2.46e-05,9.79,11.27
1566,4.1305,,2.46e-05,9.8,11.27
1567,4.362,,2.45e-05,9.84,11.27
1568,3.4007,,2.45e-05,9.9,11.27
1569,3.9605,,2.45e-05,9.83,11.27
1570,4.4127,,2.45e-05,9.78,11.27
1571,3.6444,,2.44e-05,9.79,11.27
1572,3.5248,,2.44e-05,9.84,11.27
1573,3.8203,,2.44e-05,9.83,11.27
1574,4.0479,,2.44e-05,9.78,11.27
1575,3.9475,,2.43e-05,9.91,11.27
1576,4.2826,,2.43e-05,9.84,11.27
1577,4.2923,,2.43e-05,9.77,11.27
1578,4.0605,,2.42e-05,9.85,11.27
1579,4.2547,,2.42e-05,9.79,11.27
1580,4.0392,,2.42e-05,9.79,11.27
1581,4.5393,,2.42e-05,10.01,11.27
1582,4.1828,,2.41e-05,9.8,11.27
1583,3.6056,,2.41e-05,9.84,11.27
1584,4.2568,,2.41e-05,9.8,11.27
1585,4.1138,,2.41e-05,9.84,11.27
1586,3.6114,,2.40e-05,9.83,11.27
1587,4.5305,,2.40e-05,9.89,11.27
1588,4.2327,,2.40e-05,9.93,11.27
1589,4.6541,,2.39e-05,9.81,11.27
1590,4.486,,2.39e-05,9.8,11.27
1591,3.8179,,2.39e-05,9.84,11.27
1592,3.9462,,2.39e-05,9.82,11.27
1593,3.6467,,2.38e-05,9.85,11.27
1594,4.1065,,2.38e-05,10.02,11.27
1595,4.0457,,2.38e-05,9.86,11.27
1596,3.9873,,2.38e-05,9.89,11.27
1597,3.99,,2.37e-05,9.88,11.27
1598,3.2717,,2.37e-05,9.85,11.27
1599,3.9921,,2.37e-05,9.85,11.27
1600,3.823,,2.36e-05,10.06,11.27
1601,4.3602,,2.36e-05,9.89,11.27
1602,4.2697,,2.36e-05,9.91,11.27
1603,4.29,,2.36e-05,9.83,11.27
1604,3.9607,,2.35e-05,9.84,11.27
1605,4.022,,2.35e-05,9.9,11.27
1606,3.7185,,2.35e-05,10.03,11.27
1607,3.8123,,2.35e-05,10.03,11.27
1608,3.7538,,2.34e-05,9.88,11.27
1609,4.2191,,2.34e-05,9.86,11.27
1610,3.5072,,2.34e-05,9.91,11.27
1611,3.6375,,2.33e-05,9.84,11.27
1612,3.8547,,2.33e-05,9.99,11.27
1613,3.8331,,2.33e-05,10.04,11.27
1614,3.9407,,2.33e-05,9.84,11.27
1615,4.5775,,2.32e-05,9.9,11.27
1616,3.597,,2.32e-05,9.92,11.27
1617,3.838,,2.32e-05,9.85,11.27
1618,3.8843,,2.32e-05,9.88,11.27
1619,4.4355,,2.31e-05,10.11,11.27
1620,4.4178,,2.31e-05,9.86,11.27
1621,3.805,,2.31e-05,9.87,11.27
1622,4.3155,,2.31e-05,9.83,11.27
1623,3.4969,,2.30e-05,9.81,11.27
1624,3.7512,,2.30e-05,9.85,11.27
1625,3.3008,,2.30e-05,10.01,11.27
1626,4.0237,,2.29e-05,9.88,11.27
1627,3.8647,,2.29e-05,9.81,11.27
1628,3.8022,,2.29e-05,9.8,11.27
1629,4.4984,,2.29e-05,9.84,11.27
1630,4.0755,,2.28e-05,9.8,11.27
1631,3.9768,,2.28e-05,9.96,11.27
1632,3.5656,,2.28e-05,9.85,11.27
1633,4.4074,,2.28e-05,9.84,11.27
1634,4.2469,,2.27e-05,9.85,11.27
1635,2.3915,,2.27e-05,9.84,11.27
1636,3.761,,2.27e-05,9.85,11.27
1637,3.7042,,2.26e-05,9.86,11.27
1638,4.2013,,2.26e-05,9.98,11.27
1639,4.1046,,2.26e-05,9.87,11.27
1640,4.1561,,2.26e-05,9.86,11.27
1641,3.5142,,2.25e-05,9.82,11.27
1642,3.8025,,2.25e-05,9.83,11.27
1643,3.4255,,2.25e-05,9.84,11.27
1644,4.0541,,2.25e-05,10.07,11.27
1645,4.2012,,2.24e-05,9.92,11.27
1646,3.9642,,2.24e-05,9.86,11.27
1647,4.0241,,2.24e-05,9.85,11.27
1648,4.0797,,2.24e-05,9.88,11.27
1649,4.2233,,2.23e-05,9.84,11.27
1650,4.5414,,2.23e-05,10.1,11.27
1651,3.751,,2.23e-05,9.96,11.27
1652,4.3051,,2.22e-05,9.88,11.27
1653,3.9996,,2.22e-05,9.9,11.27
1654,3.6093,,2.22e-05,9.89,11.27
1655,3.3864,,2.22e-05,9.91,11.27
1656,3.679,,2.21e-05,9.98,11.27
1657,4.1582,,2.21e-05,10.02,11.27
1658,3.8036,,2.21e-05,9.94,11.27
1659,4.5381,,2.21e-05,9.95,11.27
1660,3.7747,,2.20e-05,9.91,11.27
1661,4.0933,,2.20e-05,9.9,11.27
1662,4.5748,,2.20e-05,9.98,11.27
1663,3.5073,,2.19e-05,10.03,11.27
1664,3.5048,,2.19e-05,9.96,11.27
1665,4.0471,,2.19e-05,9.92,11.27
1666,4.3733,,2.19e-05,9.92,11.27
1667,4.2723,,2.18e-05,9.96,11.27
1668,2.9028,,2.18e-05,9.95,11.27
1669,3.9167,,2.18e-05,10.16,11.27
1670,4.2914,,2.18e-05,9.92,11.27
1671,3.9534,,2.17e-05,9.91,11.27
1672,3.895,,2.17e-05,9.94,11.27
1673,4.6276,,2.17e-05,9.91,11.27
1674,4.5854,,2.17e-05,9.95,11.27
1675,4.4945,,2.16e-05,10.07,11.27
1676,4.4807,,2.16e-05,10.04,11.27
1677,4.4535,,2.16e-05,9.98,11.27
1678,3.5672,,2.15e-05,9.94,11.27
1679,4.4891,,2.15e-05,9.91,11.27
1680,4.0024,,2.15e-05,9.92,11.27
1681,4.2752,,2.15e-05,10.05,11.27
1682,4.4824,,2.14e-05,10.13,11.27
1683,3.2181,,2.14e-05,9.98,11.27
1684,3.6982,,2.14e-05,9.92,11.27
1685,4.083,,2.14e-05,9.92,11.27
1686,3.0499,,2.13e-05,9.98,11.27
1687,3.9294,,2.13e-05,9.99,11.27
1688,4.072,,2.13e-05,10.13,11.27
1689,4.0401,,2.12e-05,9.93,11.27
1690,3.7783,,2.12e-05,9.92,11.27
1691,3.5767,,2.12e-05,9.97,11.27
1692,3.6055,,2.12e-05,9.9,11.27
1693,3.8553,,2.11e-05,9.98,11.27
1694,4.3972,,2.11e-05,10.06,11.27
1695,3.6245,,2.11e-05,9.91,11.27
1696,3.6549,,2.11e-05,9.95,11.27
1697,3.992,,2.10e-05,9.96,11.27
1698,4.0686,,2.10e-05,9.91,11.27
1699,3.804,,2.10e-05,9.93,11.27
1700,4.3599,,2.10e-05,10.13,11.27
1701,4.4871,,2.09e-05,10.03,11.27
1702,4.0858,,2.09e-05,9.98,11.27
1703,2.9967,,2.09e-05,9.89,11.27
1704,4.1503,,2.08e-05,9.91,11.27
1705,4.0942,,2.08e-05,9.97,11.27
1706,3.8577,,2.08e-05,10.06,11.27
1707,4.5096,,2.08e-05,10.08,11.27
1708,3.5436,,2.07e-05,9.92,11.27
1709,4.1017,,2.07e-05,9.91,11.27
1710,3.541,,2.07e-05,9.98,11.27
1711,4.2481,,2.07e-05,9.9,11.27
1712,4.1598,,2.06e-05,10.03,11.27
1713,3.795,,2.06e-05,9.99,11.27
1714,3.6706,,2.06e-05,9.98,11.27
1715,3.7756,,2.06e-05,9.95,11.27
1716,3.8587,,2.05e-05,9.97,11.27
1717,3.8855,,2.05e-05,9.9,11.27
1718,3.5074,,2.05e-05,9.95,11.27
1719,3.8741,,2.04e-05,10.15,11.27
1720,4.1153,,2.04e-05,9.96,11.27
1721,4.0739,,2.04e-05,9.96,11.27
1722,4.1444,,2.04e-05,9.93,11.27
1723,3.7643,,2.03e-05,9.97,11.27
1724,3.7031,,2.03e-05,9.93,11.27
1725,4.255,,2.03e-05,10.06,11.27
1726,4.1671,,2.03e-05,9.97,11.27
1727,3.773,,2.02e-05,9.91,11.27
1728,4.4979,,2.02e-05,9.91,11.27
1729,4.2541,,2.02e-05,9.93,11.27
1730,4.0025,,2.02e-05,9.89,11.27
1731,4.2695,,2.01e-05,9.97,11.27
1732,3.9699,,2.01e-05,9.87,11.27
1733,4.4271,,2.01e-05,9.89,11.27
1734,4.3051,,2.00e-05,9.93,11.27
1735,3.7167,,2.00e-05,9.87,11.27
1736,4.2332,,2.00e-05,9.87,11.27
1737,4.3042,,2.00e-05,9.92,11.27
1738,4.5081,,1.99e-05,9.86,11.27
1739,3.49,,1.99e-05,9.9,11.27
1740,4.1362,,1.99e-05,9.89,11.27
1741,4.0364,,1.99e-05,9.86,11.27
1742,3.4294,,1.98e-05,9.87,11.27
1743,3.8118,,1.98e-05,9.9,11.27
1744,4.3239,,1.98e-05,9.88,11.27
1745,3.8712,,1.98e-05,9.9,11.27
1746,3.1643,,1.97e-05,9.88,11.27
1747,4.6177,,1.97e-05,9.89,11.27
1748,4.5256,,1.97e-05,9.88,11.27
1749,4.2046,,1.97e-05,9.83,11.27
1750,3.8989,,1.96e-05,9.97,11.27
1750,,4.3764,1.96e-05,,9.2
1751,4.3358,,1.96e-05,9.7,11.23
1752,3.7353,,1.96e-05,9.64,11.23
1753,4.6648,,1.95e-05,9.62,11.23
1754,3.9552,,1.95e-05,9.56,11.23
1755,4.2185,,1.95e-05,9.55,11.23
1756,4.0509,,1.95e-05,9.56,11.23
1757,4.0878,,1.94e-05,9.73,11.23
1758,4.452,,1.94e-05,9.62,11.23
1759,3.7724,,1.94e-05,9.63,11.23
1760,4.3873,,1.94e-05,9.64,11.23
1761,4.3608,,1.93e-05,9.69,11.23
1762,3.9068,,1.93e-05,9.76,11.23
1763,4.0499,,1.93e-05,9.87,11.23
1764,3.8665,,1.93e-05,9.81,11.23
1765,3.3149,,1.92e-05,9.81,11.23
1766,3.8377,,1.92e-05,9.87,11.23
1767,4.2768,,1.92e-05,9.87,11.23
1768,4.3617,,1.92e-05,9.92,11.23
1769,3.9681,,1.91e-05,9.93,11.23
1770,3.6498,,1.91e-05,9.95,11.23
1771,3.6356,,1.91e-05,9.94,11.23
1772,3.5859,,1.90e-05,9.89,11.23
1773,4.209,,1.90e-05,9.99,11.24
1774,4.127,,1.90e-05,9.91,11.24
1775,3.8805,,1.90e-05,9.94,11.24
1776,3.8526,,1.89e-05,10.07,11.24
1777,4.0741,,1.89e-05,9.99,11.24
1778,3.5484,,1.89e-05,9.94,11.24
1779,4.0774,,1.89e-05,9.92,11.24
1780,3.2843,,1.88e-05,9.93,11.24
1781,4.1783,,1.88e-05,9.98,11.24
1782,4.3819,,1.88e-05,10.15,11.24
1783,4.5369,,1.88e-05,9.95,11.24
1784,3.6517,,1.87e-05,9.93,11.24
1785,3.1814,,1.87e-05,9.99,11.24
1786,4.3931,,1.87e-05,9.95,11.24
1787,3.807,,1.87e-05,10.0,11.24
1788,4.1408,,1.86e-05,10.11,11.24
1789,4.0259,,1.86e-05,9.97,11.24
1790,4.479,,1.86e-05,10.04,11.24
1791,4.3888,,1.85e-05,9.95,11.24
1792,4.0811,,1.85e-05,10.02,11.24
1793,3.7945,,1.85e-05,9.94,11.24
1794,3.3677,,1.85e-05,10.01,11.24
1795,4.5212,,1.84e-05,10.14,11.24
1796,3.5611,,1.84e-05,10.0,11.24
1797,3.1133,,1.84e-05,9.94,11.24
1798,4.273,,1.84e-05,9.96,11.24
1799,4.4661,,1.83e-05,9.94,11.24
1800,4.036,,1.83e-05,10.07,11.24
1801,3.5839,,1.83e-05,10.16,11.24
1802,4.1521,,1.83e-05,9.96,11.24
1803,4.1235,,1.82e-05,9.96,11.24
1804,4.2488,,1.82e-05,10.01,11.24
1805,3.7013,,1.82e-05,9.99,11.24
1806,4.4223,,1.82e-05,10.0,11.24
1807,3.4967,,1.81e-05,9.96,11.24
1808,4.1226,,1.81e-05,9.95,11.24
1809,4.3672,,1.81e-05,10.04,11.24
1810,4.2516,,1.81e-05,9.95,11.24
1811,4.597,,1.80e-05,9.98,11.24
1812,4.0074,,1.80e-05,9.94,11.24
1813,4.1573,,1.80e-05,9.93,11.24
1814,3.7959,,1.79e-05,10.04,11.24
1815,3.3997,,1.79e-05,9.97,11.24
1816,4.0318,,1.79e-05,9.94,11.24
1817,4.3758,,1.79e-05,9.92,11.24
1818,4.151,,1.78e-05,9.93,11.24
1819,4.3701,,1.78e-05,9.91,11.24
1820,3.6127,,1.78e-05,9.97,11.24
1821,3.6406,,1.78e-05,9.9,11.24
1822,3.6798,,1.77e-05,9.9,11.24
1823,3.9621,,1.77e-05,9.93,11.24
1824,4.5131,,1.77e-05,9.87,11.24
1825,3.8523,,1.77e-05,9.92,11.24
1826,3.7,,1.76e-05,9.89,11.24
1827,4.1517,,1.76e-05,9.88,11.24
1828,4.249,,1.76e-05,9.93,11.24
1829,3.7248,,1.76e-05,9.93,11.24
1830,4.1816,,1.75e-05,9.93,11.24
1831,4.3413,,1.75e-05,9.89,11.24
1832,3.9789,,1.75e-05,9.9,11.24
1833,4.1872,,1.75e-05,9.97,11.24
1834,4.0572,,1.74e-05,9.97,11.24
1835,4.0481,,1.74e-05,10.06,11.24
1836,4.1164,,1.74e-05,9.91,11.24
1837,3.8402,,1.74e-05,9.94,11.24
1838,4.0954,,1.73e-05,9.96,11.24
1839,3.6777,,1.73e-05,9.95,11.24
1840,3.3825,,1.73e-05,9.91,11.24
1841,4.0756,,1.72e-05,10.12,11.24
1842,3.5742,,1.72e-05,10.15,11.24
1843,4.1541,,1.72e-05,9.91,11.24
1844,4.4774,,1.72e-05,10.0,11.24
1845,4.2141,,1.71e-05,9.92,11.24
1846,3.983,,1.71e-05,9.92,11.24
1847,4.2452,,1.71e-05,10.14,11.25
1848,4.1326,,1.71e-05,10.2,11.25
1849,3.9957,,1.70e-05,10.0,11.25
1850,4.5671,,1.70e-05,9.95,11.25
1851,3.2958,,1.70e-05,9.94,11.25
1852,4.4294,,1.70e-05,10.0,11.25
1853,3.7465,,1.69e-05,10.11,11.25
1854,4.0136,,1.69e-05,10.08,11.25
1855,4.2591,,1.69e-05,9.94,11.25
1856,4.2559,,1.69e-05,9.98,11.25
1857,4.524,,1.68e-05,9.95,11.25
1858,4.3849,,1.68e-05,10.01,11.25
1859,3.601,,1.68e-05,10.02,11.25
1860,4.3088,,1.68e-05,10.17,11.25
1861,3.7466,,1.67e-05,10.14,11.25
1862,4.2436,,1.67e-05,9.95,11.25
1863,4.4591,,1.67e-05,10.01,11.25
1864,3.2114,,1.67e-05,9.95,11.25
1865,3.8775,,1.66e-05,9.99,11.25
1866,3.7818,,1.66e-05,10.27,11.25
1867,4.7691,,1.66e-05,10.0,11.25
1868,4.2652,,1.66e-05,10.01,11.25
1869,4.544,,1.65e-05,10.01,11.25
1870,4.3996,,1.65e-05,9.94,11.25
1871,3.7207,,1.65e-05,10.01,11.25
1872,3.5563,,1.65e-05,10.32,11.25
1873,3.9478,,1.64e-05,10.03,11.25
1874,4.505,,1.64e-05,10.0,11.25
1875,4.0984,,1.64e-05,10.01,11.25
1876,4.0259,,1.64e-05,10.0,11.25
1877,4.0999,,1.63e-05,10.04,11.25
1878,3.9833,,1.63e-05,10.14,11.25
1879,2.9441,,1.63e-05,9.97,11.25
1880,3.7489,,1.63e-05,10.05,11.25
1881,4.7947,,1.62e-05,9.95,11.25
1882,3.9568,,1.62e-05,10.01,11.25
1883,3.4354,,1.62e-05,9.95,11.25
1884,4.1389,,1.62e-05,10.15,11.25
1885,4.0188,,1.61e-05,10.21,11.25
1886,3.719,,1.61e-05,10.04,11.25
1887,4.1111,,1.61e-05,9.95,11.25
1888,4.5354,,1.60e-05,9.94,11.25
1889,3.6654,,1.60e-05,9.95,11.25
1890,4.4428,,1.60e-05,10.15,11.25
1891,4.0706,,1.60e-05,10.24,11.25
1892,4.5907,,1.59e-05,9.97,11.25
1893,3.8812,,1.59e-05,9.95,11.25
1894,3.369,,1.59e-05,10.02,11.25
1895,4.0924,,1.59e-05,9.99,11.25
1896,3.4246,,1.58e-05,10.07,11.25
1897,4.4478,,1.58e-05,10.26,11.25
1898,3.941,,1.58e-05,10.06,11.25
1899,4.1455,,1.58e-05,10.08,11.25
1900,3.0047,,1.57e-05,10.04,11.25
1901,4.1389,,1.57e-05,10.05,11.25
1902,4.2341,,1.57e-05,10.03,11.25
1903,4.2609,,1.57e-05,10.23,11.25
1904,3.8641,,1.56e-05,10.07,11.25
1905,4.1451,,1.56e-05,10.08,11.25
1906,4.0086,,1.56e-05,10.19,11.25
1907,2.739,,1.56e-05,10.14,11.25
1908,3.4973,,1.55e-05,10.09,11.25
1909,4.0077,,1.55e-05,10.25,11.25
1910,4.311,,1.55e-05,10.17,11.25
1911,3.4211,,1.55e-05,10.04,11.25
1912,4.38,,1.54e-05,10.03,11.25
1913,4.1983,,1.54e-05,10.1,11.25
1914,4.5497,,1.54e-05,10.07,11.25
1915,4.1921,,1.54e-05,10.24,11.25
1916,3.5965,,1.53e-05,10.12,11.25
1917,4.1389,,1.53e-05,10.02,11.25
1918,4.2691,,1.53e-05,10.09,11.25
1919,4.2956,,1.53e-05,10.09,11.25
1920,3.5449,,1.52e-05,10.04,11.25
1921,4.2532,,1.52e-05,10.18,11.25
1922,4.1441,,1.52e-05,10.32,11.25
1923,4.0936,,1.52e-05,10.03,11.25
1924,3.9728,,1.51e-05,10.08,11.25
1925,4.3159,,1.51e-05,10.04,11.25
1926,3.5356,,1.51e-05,10.0,11.25
1927,4.226,,1.51e-05,10.23,11.25
1928,4.1143,,1.50e-05,10.21,11.25
1929,3.7824,,1.50e-05,10.03,11.25
1930,3.6047,,1.50e-05,10.03,11.25
1931,4.6582,,1.50e-05,10.01,11.25
1932,3.8985,,1.49e-05,10.05,11.25
1933,3.729,,1.49e-05,10.19,11.25
1934,4.1795,,1.49e-05,10.25,11.25
1935,3.9444,,1.49e-05,10.01,11.25
1936,4.5994,,1.48e-05,10.08,11.25
1937,3.2326,,1.48e-05,9.99,11.25
1938,4.0673,,1.48e-05,10.06,11.25
1939,3.8896,,1.48e-05,10.05,11.25
1940,3.7001,,1.47e-05,10.28,11.25
1941,4.3209,,1.47e-05,10.11,11.25
1942,4.4526,,1.47e-05,10.03,11.25
1943,3.8942,,1.47e-05,10.07,11.25
1944,2.9047,,1.47e-05,10.04,11.25
1945,4.4424,,1.46e-05,10.04,11.25
1946,4.2428,,1.46e-05,10.29,11.25
1947,4.0652,,1.46e-05,10.11,11.25
1948,3.0715,,1.46e-05,10.04,11.25
1949,3.2661,,1.45e-05,10.02,11.25
1950,4.0482,,1.45e-05,10.09,11.25
1951,4.1722,,1.45e-05,10.03,11.25
1952,4.4588,,1.45e-05,10.29,11.25
1953,4.1881,,1.44e-05,10.15,11.25
1954,4.2862,,1.44e-05,10.03,11.25
1955,3.9826,,1.44e-05,10.05,11.25
1956,4.0767,,1.44e-05,10.01,11.25
1957,3.9634,,1.43e-05,10.06,11.25
1958,3.6132,,1.43e-05,10.19,11.25
1959,3.9997,,1.43e-05,10.07,11.25
1960,4.4063,,1.43e-05,10.04,11.25
1961,3.6718,,1.42e-05,10.01,11.25
1962,4.0682,,1.42e-05,9.95,11.25
1963,4.3824,,1.42e-05,9.96,11.25
1964,4.2516,,1.42e-05,10.08,11.25
1965,4.0557,,1.41e-05,10.22,11.25
1966,4.4851,,1.41e-05,10.19,11.25
1967,4.1056,,1.41e-05,9.98,11.25
1968,3.7768,,1.41e-05,9.95,11.25
1969,4.6896,,1.40e-05,10.0,11.25
1970,4.1262,,1.40e-05,10.04,11.25
1971,4.4333,,1.40e-05,10.16,11.25
1972,3.9543,,1.40e-05,9.98,11.25
1973,4.5074,,1.39e-05,9.95,11.25
1974,4.5489,,1.39e-05,10.02,11.25
1975,4.1217,,1.39e-05,10.01,11.25
1976,3.5399,,1.39e-05,9.98,11.25
1977,3.9086,,1.38e-05,10.19,11.25
1978,4.1198,,1.38e-05,10.0,11.25
1979,4.4377,,1.38e-05,10.02,11.25
1980,3.5619,,1.38e-05,10.02,11.25
1981,4.275,,1.37e-05,9.96,11.25
1982,4.2688,,1.37e-05,9.96,11.25
1983,4.5511,,1.37e-05,10.23,11.25
1984,4.1131,,1.37e-05,10.01,11.25
1985,4.0541,,1.37e-05,10.03,11.25
1986,4.0548,,1.36e-05,9.98,11.25
1987,4.3752,,1.36e-05,9.99,11.25
1988,3.9116,,1.36e-05,10.04,11.25
1989,3.8701,,1.36e-05,10.21,11.25
1990,4.2537,,1.35e-05,10.1,11.25
1991,3.5165,,1.35e-05,10.0,11.25
1992,4.4822,,1.35e-05,10.01,11.25
1993,4.5379,,1.35e-05,10.07,11.25
1994,4.0065,,1.34e-05,10.07,11.25
1995,4.0869,,1.34e-05,10.15,11.25
1996,3.875,,1.34e-05,10.18,11.25
1997,4.6072,,1.34e-05,10.03,11.25
1998,3.6861,,1.33e-05,10.07,11.25
1999,3.8919,,1.33e-05,10.08,11.25
2000,4.1677,,1.33e-05,10.01,11.25
2000,,4.3747,1.33e-05,,9.19
2001,4.1375,,1.33e-05,9.78,11.24
2002,3.9257,,1.32e-05,9.82,11.24
2003,4.6399,,1.32e-05,9.71,11.24
2004,4.5435,,1.32e-05,9.65,11.24
2005,4.3975,,1.32e-05,9.63,11.24
2006,4.08,,1.31e-05,9.68,11.24
2007,3.3107,,1.31e-05,9.69,11.24
2008,4.494,,1.31e-05,9.79,11.24
2009,4.4402,,1.31e-05,9.79,11.24
2010,3.521,,1.31e-05,9.76,11.24
2011,4.1346,,1.30e-05,9.85,11.24
2012,3.9132,,1.30e-05,9.84,11.24
2013,4.3124,,1.30e-05,9.82,11.24
2014,4.4626,,1.30e-05,9.9,11.24
2015,4.3151,,1.29e-05,10.02,11.25
2016,4.239,,1.29e-05,10.12,11.25
2017,3.2679,,1.29e-05,10.08,11.25
2018,3.3587,,1.29e-05,9.95,11.25
2019,3.1956,,1.28e-05,9.93,11.25
2020,4.0942,,1.28e-05,10.04,11.25
2021,3.9424,,1.28e-05,10.22,11.25
2022,3.8052,,1.28e-05,10.06,11.25
2023,4.2281,,1.27e-05,10.02,11.25
2024,3.6731,,1.27e-05,9.98,11.25
2025,4.5314,,1.27e-05,10.05,11.25
2026,3.3958,,1.27e-05,10.03,11.25
2027,3.4133,,1.26e-05,10.24,11.25
2028,2.1615,,1.26e-05,10.03,11.25
2029,4.8112,,1.26e-05,10.01,11.25
2030,4.0638,,1.26e-05,10.05,11.25
2031,4.3214,,1.26e-05,10.07,11.25
2032,3.4707,,1.25e-05,9.99,11.25
2033,4.0532,,1.25e-05,10.21,11.25
2034,3.8328,,1.25e-05,10.25,11.25
2035,4.5014,,1.25e-05,10.08,11.25
2036,4.3156,,1.24e-05,10.09,11.25
2037,3.9558,,1.24e-05,10.04,11.25
2038,4.3347,,1.24e-05,10.04,11.25
2039,3.6029,,1.24e-05,10.26,11.25
2040,4.1042,,1.23e-05,10.31,11.25
2041,3.8716,,1.23e-05,10.07,11.25
2042,4.1445,,1.23e-05,10.04,11.25
2043,3.7023,,1.23e-05,10.02,11.25
2044,3.8809,,1.23e-05,10.09,11.25
2045,4.1231,,1.22e-05,10.19,11.25
2046,3.841,,1.22e-05,10.09,11.25
2047,3.7636,,1.22e-05,10.05,11.25
2048,4.2074,,1.22e-05,10.06,11.25
2049,3.8732,,1.21e-05,10.01,11.25
2050,4.0231,,1.21e-05,10.09,11.25
2051,3.6018,,1.21e-05,10.07,11.25
2052,3.4609,,1.21e-05,10.31,11.25
2053,2.8476,,1.20e-05,10.12,11.25
2054,3.9796,,1.20e-05,10.02,11.25
2055,4.0981,,1.20e-05,10.07,11.25
2056,4.1494,,1.20e-05,10.04,11.25
2057,4.523,,1.19e-05,10.06,11.25
2058,3.7754,,1.19e-05,10.38,11.25
2059,4.1682,,1.19e-05,10.2,11.25
2060,3.2021,,1.19e-05,10.04,11.25
2061,4.5484,,1.19e-05,10.04,11.25
2062,3.2094,,1.18e-05,10.07,11.25
2063,3.7272,,1.18e-05,10.06,11.25
2064,3.4001,,1.18e-05,10.39,11.25
2065,4.1925,,1.18e-05,10.12,11.25
2066,3.3171,,1.17e-05,10.07,11.25
2067,3.8447,,1.17e-05,10.11,11.25
2068,3.7312,,1.17e-05,10.05,11.25
2069,4.219,,1.17e-05,10.11,11.25
2070,3.739,,1.17e-05,10.25,11.26
2071,3.3014,,1.16e-05,10.1,11.26
2072,3.769,,1.16e-05,10.19,11.26
2073,4.1367,,1.16e-05,10.11,11.26
2074,4.2859,,1.16e-05,10.02,11.26
2075,3.9998,,1.15e-05,10.0,11.26
2076,4.1546,,1.15e-05,10.17,11.26
2077,4.1869,,1.15e-05,10.16,11.26
2078,4.1312,,1.15e-05,10.06,11.26
2079,3.6325,,1.14e-05,9.97,11.26
2080,3.2894,,1.14e-05,10.0,11.26
2081,4.0091,,1.14e-05,10.02,11.26
2082,4.4505,,1.14e-05,10.16,11.26
2083,3.5143,,1.14e-05,10.26,11.26
2084,3.4768,,1.13e-05,10.07,11.26
2085,3.4184,,1.13e-05,10.08,11.26
2086,4.5786,,1.13e-05,10.14,11.26
2087,4.1335,,1.13e-05,10.1,11.26
2088,2.8979,,1.12e-05,10.15,11.26
2089,3.8083,,1.12e-05,10.29,11.26
2090,3.9835,,1.12e-05,10.11,11.26
2091,4.5501,,1.12e-05,10.07,11.26
2092,4.3028,,1.12e-05,10.11,11.26
2093,4.1189,,1.11e-05,10.08,11.26
2094,4.0494,,1.11e-05,10.1,11.26
2095,3.905,,1.11e-05,10.28,11.26
2096,4.1394,,1.11e-05,10.27,11.26
2097,4.0524,,1.10e-05,10.33,11.26
2098,4.5248,,1.10e-05,10.06,11.26
2099,3.6145,,1.10e-05,10.06,11.26
2100,4.5795,,1.10e-05,10.13,11.26
2101,4.0297,,1.09e-05,10.29,11.26
2102,4.1193,,1.09e-05,10.07,11.26
2103,4.021,,1.09e-05,10.05,11.26
2104,3.6227,,1.09e-05,10.09,11.27
2105,3.1669,,1.09e-05,10.05,11.27
2106,3.8525,,1.08e-05,10.09,11.27
2107,3.9288,,1.08e-05,10.26,11.27
2108,4.5158,,1.08e-05,10.06,11.27
2109,4.3896,,1.08e-05,10.1,11.27
2110,3.2148,,1.07e-05,10.05,11.27
2111,4.3933,,1.07e-05,10.13,11.27
2112,3.3817,,1.07e-05,10.0,11.27
2113,3.5037,,1.07e-05,10.25,11.27
2114,4.504,,1.07e-05,10.25,11.27
2115,4.0015,,1.06e-05,10.13,11.27
2116,3.831,,1.06e-05,10.04,11.27
2117,4.3139,,1.06e-05,10.03,11.27
2118,3.1848,,1.06e-05,10.12,11.27
2119,4.0373,,1.05e-05,10.27,11.27
2120,4.1289,,1.05e-05,10.21,11.27
2121,4.3671,,1.05e-05,10.06,11.27
2122,3.6479,,1.05e-05,10.04,11.27
2123,4.1208,,1.05e-05,10.1,11.27
2124,4.7293,,1.04e-05,10.06,11.27
2125,4.2431,,1.04e-05,10.28,11.27
2126,4.1299,,1.04e-05,10.24,11.27
2127,3.775,,1.04e-05,10.08,11.27
2128,4.0577,,1.03e-05,10.12,11.27
2129,3.6206,,1.03e-05,10.11,11.27
2130,4.5305,,1.03e-05,10.04,11.27
2131,4.1577,,1.03e-05,10.05,11.27
2132,3.9761,,1.03e-05,10.08,11.27
2133,4.0781,,1.02e-05,10.05,11.27
2134,4.4959,,1.02e-05,10.12,11.27
2135,3.8278,,1.02e-05,10.04,11.27
2136,4.5075,,1.02e-05,10.05,11.27
2137,4.2586,,1.02e-05,10.1,11.27
2138,3.8117,,1.01e-05,10.02,11.27
2139,4.0919,,1.01e-05,10.08,11.27
2140,3.6524,,1.01e-05,10.01,11.27
2141,4.0385,,1.01e-05,10.06,11.27
2142,4.5869,,1.00e-05,10.08,11.27
2143,3.8116,,1.00e-05,10.1,11.27
2144,3.6174,,1.00e-05,10.02,11.27
2145,3.9237,,9.98e-06,10.01,11.27
2146,3.3083,,9.96e-06,10.06,11.27
2147,3.8887,,9.94e-06,10.06,11.27
2148,2.8901,,9.91e-06,10.06,11.27
2149,3.7671,,9.89e-06,10.03,11.27
2150,4.2059,,9.87e-06,10.02,11.27
2151,4.2894,,9.85e-06,10.1,11.27
2152,3.47,,9.83e-06,10.01,11.27
2153,3.8119,,9.81e-06,10.08,11.27
2154,3.8457,,9.78e-06,10.02,11.27
2155,4.6155,,9.76e-06,10.07,11.27
2156,4.2484,,9.74e-06,9.97,11.27
2157,4.1167,,9.72e-06,10.05,11.27
2158,3.9417,,9.70e-06,10.04,11.27
2159,3.798,,9.68e-06,10.02,11.27
2160,4.2857,,9.66e-06,10.02,11.27
2161,2.69,,9.63e-06,10.17,11.27
2162,3.3719,,9.61e-06,10.41,11.27
2163,3.7902,,9.59e-06,10.1,11.27
2164,3.9775,,9.57e-06,10.06,11.27
2165,4.1001,,9.55e-06,10.12,11.27
2166,3.8805,,9.53e-06,10.1,11.27
2167,4.3978,,9.51e-06,10.16,11.27
2168,4.2417,,9.49e-06,10.43,11.27
2169,3.215,,9.46e-06,10.12,11.27
2170,4.4854,,9.44e-06,10.16,11.27
2171,4.2069,,9.42e-06,10.13,11.27
2172,4.1561,,9.40e-06,10.13,11.27
2173,3.9776,,9.38e-06,10.13,11.27
2174,3.8536,,9.36e-06,10.38,11.27
2175,4.4872,,9.34e-06,10.17,11.27
2176,3.7284,,9.32e-06,10.16,11.27
2177,3.469,,9.30e-06,10.08,11.27
2178,4.0613,,9.27e-06,10.09,11.27
2179,3.273,,9.25e-06,10.14,11.27
2180,3.3333,,9.23e-06,10.38,11.27
2181,3.7207,,9.21e-06,10.37,11.27
2182,3.5224,,9.19e-06,10.1,11.27
2183,3.398,,9.17e-06,10.09,11.27
2184,4.3907,,9.15e-06,10.14,11.27
2185,3.6236,,9.13e-06,10.11,11.27
2186,4.4695,,9.11e-06,10.33,11.27
2187,3.9722,,9.09e-06,10.24,11.27
2188,4.2311,,9.06e-06,10.15,11.27
2189,3.4646,,9.04e-06,10.12,11.27
2190,3.9121,,9.02e-06,10.15,11.27
2191,4.3541,,9.00e-06,10.1,11.27
2192,4.3368,,8.98e-06,10.32,11.27
2193,4.2549,,8.96e-06,10.34,11.27
2194,3.8487,,8.94e-06,10.1,11.27
2195,3.6185,,8.92e-06,10.13,11.27
2196,3.4042,,8.90e-06,10.06,11.27
2197,4.1251,,8.88e-06,10.04,11.27
2198,4.4394,,8.86e-06,10.31,11.27
2199,4.5957,,8.84e-06,10.39,11.27
2200,4.5485,,8.82e-06,10.09,11.27
2201,3.981,,8.79e-06,10.03,11.27
2202,4.2203,,8.77e-06,10.08,11.27
2203,4.6267,,8.75e-06,10.05,11.27
2204,4.4454,,8.73e-06,10.2,11.27
2205,3.8306,,8.71e-06,10.22,11.27
2206,3.1066,,8.69e-06,10.03,11.27
2207,4.0752,,8.67e-06,10.07,11.27
2208,4.281,,8.65e-06,10.01,11.27
2209,4.233,,8.63e-06,10.05,11.27
2210,4.5689,,8.61e-06,10.07,11.27
2211,4.4542,,8.59e-06,10.17,11.27
2212,3.5298,,8.57e-06,10.08,11.27
2213,3.282,,8.55e-06,10.05,11.27
2214,3.4277,,8.53e-06,9.99,11.27
2215,4.1685,,8.51e-06,9.97,11.27
2216,3.8655,,8.49e-06,10.0,11.27
2217,3.6657,,8.47e-06,10.28,11.27
2218,4.1261,,8.45e-06,10.1,11.27
2219,3.7817,,8.43e-06,10.01,11.27
2220,3.1654,,8.41e-06,9.97,11.27
2221,4.3309,,8.39e-06,10.04,11.27
2222,4.1702,,8.37e-06,9.97,11.27
2223,3.5957,,8.35e-06,10.22,11.27
2224,4.1643,,8.33e-06,9.99,11.27
2225,4.1594,,8.31e-06,9.99,11.27
2226,3.5877,,8.29e-06,10.03,11.27
2227,4.2342,,8.27e-06,9.98,11.27
2228,4.2348,,8.24e-06,10.02,11.27
2229,4.3829,,8.22e-06,10.15,11.27
2230,4.3216,,8.20e-06,10.21,11.27
2231,4.1142,,8.18e-06,10.24,11.27
2232,3.7268,,8.16e-06,10.2,11.27
2233,4.1581,,8.14e-06,10.01,11.27
2234,3.7727,,8.12e-06,9.99,11.27
2235,4.3879,,8.10e-06,10.18,11.27
2236,3.2458,,8.08e-06,10.15,11.27
2237,4.1732,,8.06e-06,10.11,11.27
2238,4.4188,,8.04e-06,10.02,11.27
2239,4.1976,,8.03e-06,10.02,11.27
2240,4.0538,,8.01e-06,10.08,11.27
2241,4.3805,,7.99e-06,10.1,11.27
2242,4.1832,,7.97e-06,10.28,11.27
2243,3.7824,,7.95e-06,10.07,11.27
2244,4.21,,7.93e-06,10.09,11.27
2245,3.5303,,7.91e-06,10.08,11.27
2246,3.9035,,7.89e-06,10.11,11.27
2247,4.1497,,7.87e-06,10.08,11.27
2248,3.5023,,7.85e-06,10.21,11.27
2249,3.6918,,7.83e-06,10.11,11.27
2250,4.2021,,7.81e-06,10.12,11.27
2250,,4.373,7.81e-06,,9.19
2251,4.4764,,7.79e-06,9.81,11.21
2252,3.806,,7.77e-06,9.75,11.21
2253,3.8679,,7.75e-06,9.76,11.21
2254,3.5133,,7.73e-06,9.78,11.21
2255,3.8726,,7.71e-06,9.88,11.21
2256,3.6194,,7.69e-06,9.81,11.21
2257,4.5974,,7.67e-06,9.74,11.21
2258,4.4108,,7.65e-06,9.79,11.21
2259,3.8865,,7.63e-06,9.8,11.22
2260,3.9315,,7.61e-06,9.79,11.22
2261,4.0932,,7.59e-06,9.95,11.22
2262,3.2882,,7.57e-06,9.97,11.23
2263,3.3923,,7.55e-06,10.05,11.23
2264,3.6378,,7.53e-06,10.09,11.23
2265,4.569,,7.51e-06,10.08,11.23
2266,4.2559,,7.50e-06,10.07,11.23
2267,4.3657,,7.48e-06,10.16,11.23
2268,3.8103,,7.46e-06,10.13,11.23
2269,4.0893,,7.44e-06,10.23,11.23
2270,3.6925,,7.42e-06,10.29,11.23
2271,4.5363,,7.40e-06,10.05,11.23
2272,3.3907,,7.38e-06,10.14,11.23
2273,3.3922,,7.36e-06,10.23,11.23
2274,3.5593,,7.34e-06,10.24,11.23
2275,3.6747,,7.32e-06,10.25,11.23
2276,4.0072,,7.30e-06,10.29,11.23
2277,4.08,,7.28e-06,10.35,11.23
2278,4.3358,,7.26e-06,10.33,11.23
2279,4.5662,,7.25e-06,10.31,11.23
2280,3.0582,,7.23e-06,10.26,11.23
2281,3.7547,,7.21e-06,10.32,11.23
2282,3.274,,7.19e-06,10.22,11.23
2283,4.4994,,7.17e-06,10.25,11.23
2284,3.9634,,7.15e-06,10.19,11.23
2285,4.3803,,7.13e-06,10.26,11.23
2286,3.459,,7.11e-06,10.25,11.23
2287,4.4326,,7.09e-06,10.25,11.23
2288,4.0563,,7.08e-06,10.17,11.23
2289,4.3858,,7.06e-06,10.19,11.23
2290,3.2315,,7.04e-06,10.17,11.23
2291,4.1095,,7.02e-06,10.2,11.23
2292,3.9779,,7.00e-06,10.25,11.23
2293,3.7519,,6.98e-06,10.27,11.23
2294,4.4876,,6.96e-06,10.32,11.23
2295,4.389,,6.94e-06,10.39,11.23
2296,4.1763,,6.92e-06,10.37,11.23
2297,4.3153,,6.91e-06,10.38,11.23
2298,3.9685,,6.89e-06,10.31,11.23
2299,4.4844,,6.87e-06,10.32,11.23
2300,2.9084,,6.85e-06,10.37,11.23
2301,3.8211,,6.83e-06,10.28,11.23
2302,4.1184,,6.81e-06,10.21,11.23
2303,3.6744,,6.79e-06,10.21,11.23
2304,4.3577,,6.78e-06,10.24,11.23
2305,3.8196,,6.76e-06,10.19,11.23
2306,3.838,,6.74e-06,10.25,11.23
2307,3.9541,,6.72e-06,10.23,11.23
2308,3.8799,,6.70e-06,10.15,11.23
2309,3.254,,6.68e-06,10.2,11.23
2310,4.2446,,6.66e-06,10.27,11.23
2311,3.9559,,6.65e-06,10.28,11.23
2312,3.9319,,6.63e-06,10.36,11.23
2313,4.2866,,6.61e-06,10.43,11.23
2314,3.4259,,6.59e-06,10.34,11.23
2315,4.4563,,6.57e-06,10.43,11.23
2316,4.1709,,6.55e-06,10.33,11.23
2317,4.3604,,6.54e-06,10.34,11.23
2318,4.2914,,6.52e-06,10.35,11.23
2319,4.016,,6.50e-06,10.35,11.23
2320,3.8676,,6.48e-06,10.33,11.23
2321,4.0667,,6.46e-06,10.3,11.23
2322,4.316,,6.45e-06,10.28,11.23
2323,3.8935,,6.43e-06,10.27,11.23
2324,3.3217,,6.41e-06,10.27,11.23
2325,3.2182,,6.39e-06,10.21,11.23
2326,3.9875,,6.37e-06,10.18,11.23
2327,4.2483,,6.36e-06,10.26,11.23
2328,4.5415,,6.34e-06,10.28,11.23
2329,4.5117,,6.32e-06,10.36,11.23
2330,4.05,,6.30e-06,10.35,11.23
2331,3.5129,,6.28e-06,10.34,11.23
2332,4.4179,,6.27e-06,10.39,11.23
2333,3.984,,6.25e-06,10.44,11.23
2334,3.8101,,6.23e-06,10.25,11.23
2335,3.9481,,6.21e-06,10.2,11.23
2336,4.254,,6.19e-06,10.32,11.23
2337,4.5119,,6.18e-06,10.22,11.23
2338,3.9811,,6.16e-06,10.23,11.23
2339,4.1383,,6.14e-06,10.16,11.23
2340,3.3737,,6.12e-06,10.2,11.23
2341,4.257,,6.10e-06,10.3,11.23
2342,3.606,,6.09e-06,10.23,11.23
2343,3.4611,,6.07e-06,10.23,11.23
2344,4.5015,,6.05e-06,10.21,11.23
2345,3.651,,6.03e-06,10.19,11.23
2346,4.2517,,6.02e-06,10.31,11.23
2347,4.2201,,6.00e-06,10.36,11.23
2348,4.155,,5.98e-06,10.3,11.23
2349,4.0532,,5.96e-06,10.28,11.23
2350,3.5033,,5.95e-06,10.32,11.23
2351,4.207,,5.93e-06,10.23,11.23
2352,4.1254,,5.91e-06,10.29,11.23
2353,4.001,,5.89e-06,10.17,11.23
2354,3.6516,,5.88e-06,10.2,11.23
2355,3.2223,,5.86e-06,10.25,11.23
2356,3.7334,,5.84e-06,10.21,11.23
2357,3.5144,,5.82e-06,10.08,11.23
2358,4.5501,,5.81e-06,10.14,11.23
2359,4.0323,,5.79e-06,10.24,11.23
2360,3.7479,,5.77e-06,10.16,11.23
2361,3.8508,,5.75e-06,10.23,11.23
2362,4.0909,,5.74e-06,10.15,11.23
2363,4.678,,5.72e-06,10.09,11.23
2364,4.1388,,5.70e-06,10.24,11.23
2365,4.6156,,5.69e-06,10.26,11.23
2366,3.3954,,5.67e-06,10.31,11.23
2367,4.4847,,5.65e-06,10.23,11.23
2368,4.2534,,5.63e-06,10.23,11.23
2369,4.1661,,5.62e-06,10.29,11.23
2370,4.0451,,5.60e-06,10.29,11.23
2371,4.0525,,5.58e-06,10.22,11.23
2372,3.8902,,5.57e-06,10.07,11.23
2373,3.2294,,5.55e-06,10.18,11.23
2374,4.4975,,5.53e-06,10.05,11.23
2375,3.8359,,5.51e-06,10.15,11.23
2376,4.1479,,5.50e-06,10.03,11.23
2377,4.0689,,5.48e-06,10.0,11.23
2378,4.3732,,5.46e-06,10.17,11.23
2379,4.281,,5.45e-06,10.14,11.23
2380,4.1648,,5.43e-06,10.16,11.23
2381,3.3431,,5.41e-06,10.17,11.23
2382,3.9647,,5.40e-06,10.16,11.23
2383,4.5056,,5.38e-06,10.12,11.23
2384,4.2556,,5.36e-06,10.27,11.23
2385,3.9563,,5.35e-06,10.24,11.23
2386,4.2483,,5.33e-06,10.26,11.23
2387,4.1433,,5.31e-06,10.33,11.23
2388,3.8656,,5.30e-06,10.24,11.23
2389,3.8456,,5.28e-06,10.33,11.23
2390,2.7296,,5.26e-06,10.25,11.23
2391,4.0301,,5.25e-06,10.2,11.23
2392,4.1975,,5.23e-06,10.25,11.23
2393,3.797,,5.21e-06,10.19,11.23
2394,4.1508,,5.20e-06,10.24,11.23
2395,4.4799,,5.18e-06,10.21,11.23
2396,3.7476,,5.16e-06,10.13,11.23
2397,4.1882,,5.15e-06,10.16,11.23
2398,4.3098,,5.13e-06,10.19,11.23
2399,3.7681,,5.11e-06,10.14,11.23
2400,3.2298,,5.10e-06,10.14,11.23
2401,3.2421,,5.08e-06,10.22,11.23
2402,3.8589,,5.06e-06,10.1,11.23
2403,4.2336,,5.05e-06,10.23,11.23
2404,3.4575,,5.03e-06,10.28,11.23
2405,4.1694,,5.02e-06,10.26,11.23
2406,3.5436,,5.00e-06,10.32,11.23
2407,3.9838,,4.98e-06,10.32,11.23
2408,4.0918,,4.97e-06,10.26,11.23
2409,3.973,,4.95e-06,10.26,11.23
2410,3.9419,,4.93e-06,10.3,11.23
2411,4.4718,,4.92e-06,10.25,11.23
2412,3.7584,,4.90e-06,10.27,11.23
2413,3.9949,,4.89e-06,10.18,11.23
2414,4.3655,,4.87e-06,10.16,11.23
2415,3.9548,,4.85e-06,10.28,11.23
2416,3.9544,,4.84e-06,10.2,11.23
2417,3.1591,,4.82e-06,10.16,11.23
2418,4.1361,,4.81e-06,10.27,11.23
2419,4.2232,,4.79e-06,10.39,11.23
2420,4.2853,,4.77e-06,10.28,11.23
2421,4.3365,,4.76e-06,10.27,11.23
2422,4.4915,,4.74e-06,10.17,11.23
2423,4.2596,,4.73e-06,10.18,11.23
2424,3.908,,4.71e-06,10.37,11.23
2425,3.6293,,4.70e-06,10.32,11.23
2426,3.9265,,4.68e-06,10.38,11.23
2427,4.1352,,4.66e-06,10.31,11.23
2428,4.279,,4.65e-06,10.31,11.23
2429,4.2539,,4.63e-06,10.37,11.23
2430,3.8253,,4.62e-06,10.34,11.23
2431,4.1607,,4.60e-06,10.3,11.23
2432,4.4345,,4.59e-06,10.3,11.23
2433,4.14,,4.57e-06,10.25,11.23
2434,2.8825,,4.55e-06,10.23,11.23
2435,3.6207,,4.54e-06,10.22,11.23
2436,3.1516,,4.52e-06,10.21,11.23
2437,3.7006,,4.51e-06,10.22,11.23
2438,3.5359,,4.49e-06,10.17,11.23
2439,4.0485,,4.48e-06,10.17,11.23
2440,2.8567,,4.46e-06,10.25,11.23
2441,4.3028,,4.45e-06,10.18,11.23
2442,3.5996,,4.43e-06,10.23,11.23
2443,4.074,,4.41e-06,10.23,11.23
2444,3.6711,,4.40e-06,10.17,11.23
2445,4.0035,,4.38e-06,10.25,11.23
2446,3.8181,,4.37e-06,10.31,11.23
2447,3.8331,,4.35e-06,10.37,11.23
2448,4.4184,,4.34e-06,10.29,11.23
2449,3.9856,,4.32e-06,10.35,11.23
2450,4.3426,,4.31e-06,10.3,11.23
2451,4.306,,4.29e-06,10.29,11.23
2452,4.5867,,4.28e-06,10.35,11.23
2453,3.9445,,4.26e-06,10.33,11.23
2454,2.9032,,4.25e-06,10.27,11.23
2455,3.8756,,4.23e-06,10.17,11.23
2456,3.9576,,4.22e-06,10.28,11.23
2457,4.0936,,4.20e-06,10.25,11.23
2458,3.4609,,4.19e-06,10.31,11.23
2459,4.3723,,4.17e-06,10.22,11.23
2460,4.104,,4.16e-06,10.21,11.23
2461,3.8342,,4.14e-06,10.29,11.23
2462,4.2084,,4.13e-06,10.24,11.23
2463,3.0612,,4.11e-06,10.36,11.23
2464,4.4205,,4.10e-06,10.25,11.23
2465,4.4545,,4.08e-06,10.26,11.23
2466,3.6665,,4.07e-06,10.29,11.23
2467,4.027,,4.05e-06,10.43,11.23
2468,3.5169,,4.04e-06,10.37,11.23
2469,3.9074,,4.02e-06,10.37,11.23
2470,3.5639,,4.01e-06,10.42,11.23
2471,3.4886,,3.99e-06,10.35,11.23
2472,4.3619,,3.98e-06,10.39,11.23
2473,4.3783,,3.96e-06,10.19,11.23
2474,4.2912,,3.95e-06,10.17,11.23
2475,4.3881,,3.94e-06,10.3,11.23
2476,4.0647,,3.92e-06,10.32,11.23
2477,3.6062,,3.91e-06,10.26,11.23
2478,3.7862,,3.89e-06,10.23,11.23
2479,3.4317,,3.88e-06,10.33,11.23
2480,4.0004,,3.86e-06,10.32,11.23
2481,4.403,,3.85e-06,10.41,11.23
2482,3.5062,,3.83e-06,10.39,11.23
2483,4.2977,,3.82e-06,10.27,11.23
2484,3.8418,,3.81e-06,10.25,11.23
2485,3.3949,,3.79e-06,10.4,11.23
2486,3.8865,,3.78e-06,10.45,11.23
2487,4.1488,,3.76e-06,10.4,11.23
2488,4.3235,,3.75e-06,10.42,11.23
2489,3.6222,,3.73e-06,10.41,11.23
2490,3.5234,,3.72e-06,10.42,11.23
2491,3.9729,,3.71e-06,10.34,11.23
2492,3.7809,,3.69e-06,10.33,11.23
2493,3.8704,,3.68e-06,10.33,11.23
2494,4.1677,,3.66e-06,10.2,11.23
2495,4.1144,,3.65e-06,10.29,11.23
2496,4.1868,,3.63e-06,10.26,11.23
2497,3.5295,,3.62e-06,10.26,11.23
2498,2.6881,,3.61e-06,10.26,11.23
2499,3.4054,,3.59e-06,10.26,11.23
2500,3.9944,,3.58e-06,10.18,11.23
2500,,4.3726,3.58e-06,,9.19
2501,4.0876,,3.56e-06,10.07,11.21
2502,4.0205,,3.55e-06,9.92,11.21
2503,4.1505,,3.54e-06,9.94,11.21
2504,4.1608,,3.52e-06,9.86,11.21
2505,3.7321,,3.51e-06,9.84,11.21
2506,3.8639,,3.50e-06,9.89,11.21
2507,4.2384,,3.48e-06,9.87,11.21
2508,3.8241,,3.47e-06,9.9,11.21
2509,3.986,,3.45e-06,9.89,11.21
2510,4.0211,,3.44e-06,9.79,11.21
2511,4.0732,,3.43e-06,9.95,11.21
2512,4.4023,,3.41e-06,10.0,11.21
2513,4.1717,,3.40e-06,9.93,11.21
2514,4.3899,,3.39e-06,9.91,11.21
2515,3.7818,,3.37e-06,10.03,11.21
2516,3.863,,3.36e-06,10.02,11.21
2517,3.3896,,3.34e-06,10.15,11.21
2518,4.1769,,3.33e-06,10.05,11.21
2519,3.4844,,3.32e-06,10.13,11.21
2520,3.9372,,3.30e-06,10.08,11.21
2521,4.3223,,3.29e-06,10.06,11.21
2522,4.2844,,3.28e-06,10.28,11.21
2523,3.8477,,3.26e-06,10.21,11.21
2524,3.2157,,3.25e-06,10.21,11.21
2525,3.943,,3.24e-06,10.26,11.21
2526,3.3562,,3.22e-06,10.28,11.21
2527,4.0267,,3.21e-06,10.07,11.21
2528,3.4192,,3.20e-06,10.06,11.21
2529,3.63,,3.18e-06,10.22,11.21
2530,2.3433,,3.17e-06,10.1,11.21
2531,4.0399,,3.16e-06,10.19,11.21
2532,4.3698,,3.14e-06,10.21,11.22
2533,4.2524,,3.13e-06,10.14,11.23
2534,4.4333,,3.12e-06,10.27,11.23
2535,4.3435,,3.11e-06,10.13,11.23
2536,4.1716,,3.09e-06,10.17,11.23
2537,3.9132,,3.08e-06,10.16,11.23
2538,4.2741,,3.07e-06,10.17,11.23
2539,4.1098,,3.05e-06,10.31,11.23
2540,4.2344,,3.04e-06,10.36,11.23
2541,3.9551,,3.03e-06,10.26,11.23
2542,4.4304,,3.01e-06,10.26,11.23
2543,4.193,,3.00e-06,10.32,11.23
2544,3.7255,,2.99e-06,10.26,11.23
2545,4.1483,,2.98e-06,10.3,11.23
2546,3.9419,,2.96e-06,10.22,11.23
2547,3.9164,,2.95e-06,10.19,11.23
2548,3.6279,,2.94e-06,10.3,11.23
2549,2.8793,,2.92e-06,10.32,11.23
2550,4.0424,,2.91e-06,10.28,11.23
2551,4.5185,,2.90e-06,10.18,11.23
2552,3.6506,,2.89e-06,10.26,11.23
2553,4.0527,,2.87e-06,10.19,11.23
2554,3.9331,,2.86e-06,10.25,11.23
2555,4.2804,,2.85e-06,10.18,11.23
2556,4.3983,,2.84e-06,10.23,11.23
2557,3.7911,,2.82e-06,10.36,11.23
2558,3.0129,,2.81e-06,10.36,11.23
2559,3.7548,,2.80e-06,10.41,11.23
2560,3.0946,,2.79e-06,10.33,11.23
2561,3.2526,,2.77e-06,10.34,11.23
2562,3.7878,,2.76e-06,10.38,11.23
2563,3.9011,,2.75e-06,10.39,11.23
2564,3.0934,,2.74e-06,10.27,11.23
2565,3.9452,,2.72e-06,10.22,11.23
2566,4.0144,,2.71e-06,10.38,11.23
2567,2.8974,,2.70e-06,10.27,11.23
2568,4.2682,,2.69e-06,10.27,11.23
2569,4.1592,,2.68e-06,10.2,11.23
2570,4.3488,,2.66e-06,10.25,11.23
2571,3.6531,,2.65e-06,10.24,11.23
2572,4.1671,,2.64e-06,10.29,11.23
2573,4.4325,,2.63e-06,10.21,11.23
2574,3.5602,,2.62e-06,10.25,11.23
2575,4.3417,,2.60e-06,10.18,11.23
2576,4.5382,,2.59e-06,10.19,11.24
2577,3.8836,,2.58e-06,10.41,11.24
2578,4.0892,,2.57e-06,10.32,11.24
2579,4.6162,,2.56e-06,10.32,11.24
2580,3.6822,,2.54e-06,10.38,11.24
2581,4.1449,,2.53e-06,10.35,11.24
2582,3.4145,,2.52e-06,10.36,11.24
2583,3.5267,,2.51e-06,10.3,11.24
2584,3.7897,,2.50e-06,10.26,11.24
2585,3.753,,2.48e-06,10.26,11.24
2586,4.1318,,2.47e-06,10.27,11.24
2587,4.3222,,2.46e-06,10.17,11.24
2588,3.4571,,2.45e-06,10.14,11.24
2589,4.0148,,2.44e-06,10.17,11.24
2590,3.9387,,2.43e-06,10.16,11.24
2591,4.3727,,2.41e-06,10.36,11.24
2592,3.7301,,2.40e-06,10.26,11.24
2593,3.5017,,2.39e-06,10.25,11.24
2594,3.9339,,2.38e-06,10.37,11.24
2595,3.8498,,2.37e-06,10.26,11.24
2596,3.7805,,2.36e-06,10.21,11.24
2597,3.845,,2.34e-06,10.39,11.24
2598,3.7929,,2.33e-06,10.44,11.24
2599,3.8762,,2.32e-06,10.37,11.24
2600,4.218,,2.31e-06,10.44,11.24
2601,4.3775,,2.30e-06,10.38,11.24
2602,4.3308,,2.29e-06,10.38,11.24
2603,3.824,,2.28e-06,10.43,11.24
2604,4.041,,2.27e-06,10.43,11.24
2605,4.6167,,2.25e-06,10.26,11.24
2606,3.8994,,2.24e-06,10.31,11.24
2607,4.1916,,2.23e-06,10.34,11.24
2608,3.6282,,2.22e-06,10.36,11.24
2609,4.2431,,2.21e-06,10.24,11.24
2610,4.1612,,2.20e-06,10.17,11.24
2611,3.5568,,2.19e-06,10.3,11.24
2612,4.3234,,2.18e-06,10.37,11.24
2613,3.6115,,2.17e-06,10.34,11.24
2614,4.1867,,2.15e-06,10.32,11.24
2615,4.207,,2.14e-06,10.26,11.24
2616,3.9519,,2.13e-06,10.26,11.24
2617,3.8982,,2.12e-06,10.43,11.24
2618,3.8336,,2.11e-06,10.5,11.24
2619,3.9942,,2.10e-06,10.43,11.24
2620,2.9139,,2.09e-06,10.43,11.24
2621,4.2518,,2.08e-06,10.48,11.24
2622,3.3523,,2.07e-06,10.44,11.24
2623,4.147,,2.06e-06,10.42,11.24
2624,3.5692,,2.05e-06,10.33,11.24
2625,4.6093,,2.03e-06,10.34,11.24
2626,4.0635,,2.02e-06,10.36,11.24
2627,3.7936,,2.01e-06,10.42,11.24
2628,4.5815,,2.00e-06,10.26,11.24
2629,3.9223,,1.99e-06,10.21,11.24
2630,4.6392,,1.98e-06,10.34,11.24
2631,3.098,,1.97e-06,10.28,11.24
2632,4.6529,,1.96e-06,10.33,11.24
2633,4.1722,,1.95e-06,10.22,11.24
2634,4.4576,,1.94e-06,10.18,11.24
2635,4.0648,,1.93e-06,10.2,11.24
2636,3.3704,,1.92e-06,10.38,11.24
2637,3.9308,,1.91e-06,10.32,11.24
2638,3.913,,1.90e-06,10.32,11.24
2639,3.4485,,1.89e-06,10.42,11.24
2640,3.0151,,1.88e-06,10.33,11.24
2641,4.5038,,1.87e-06,10.36,11.24
2642,2.9152,,1.86e-06,10.29,11.24
2643,4.3034,,1.85e-06,10.22,11.24
2644,3.9046,,1.84e-06,10.28,11.24
2645,2.9824,,1.83e-06,10.3,11.24
2646,4.0391,,1.82e-06,10.18,11.24
2647,4.164,,1.81e-06,10.12,11.24
2648,3.8328,,1.80e-06,10.18,11.24
2649,4.2305,,1.79e-06,10.24,11.24
2650,3.9037,,1.78e-06,10.31,11.24
2651,3.9078,,1.77e-06,10.19,11.24
2652,4.1135,,1.76e-06,10.15,11.24
2653,4.4584,,1.75e-06,10.15,11.24
2654,4.4034,,1.74e-06,10.13,11.24
2655,3.5216,,1.73e-06,10.26,11.24
2656,4.1225,,1.72e-06,10.25,11.24
2657,3.8709,,1.71e-06,10.32,11.24
2658,4.3205,,1.70e-06,10.26,11.24
2659,4.1648,,1.69e-06,10.3,11.24
2660,4.4316,,1.68e-06,10.22,11.24
2661,4.3477,,1.67e-06,10.22,11.24
2662,4.2568,,1.66e-06,10.28,11.24
2663,4.4194,,1.65e-06,10.15,11.24
2664,3.5893,,1.64e-06,10.28,11.24
2665,4.4695,,1.63e-06,10.14,11.24
2666,3.0939,,1.62e-06,10.1,11.24
2667,3.9285,,1.61e-06,10.23,11.24
2668,2.6358,,1.60e-06,10.27,11.24
2669,4.3751,,1.59e-06,10.25,11.24
2670,4.1194,,1.58e-06,10.3,11.24
2671,4.1041,,1.57e-06,10.23,11.24
2672,4.7157,,1.56e-06,10.11,11.24
2673,4.4488,,1.55e-06,10.52,11.24
2674,4.7385,,1.54e-06,10.35,11.24
2675,4.1375,,1.53e-06,10.31,11.24
2676,3.8769,,1.52e-06,10.39,11.24
2677,4.3602,,1.51e-06,10.34,11.24
2678,4.6434,,1.51e-06,10.36,11.24
2679,3.7752,,1.50e-06,10.28,11.24
2680,3.9745,,1.49e-06,10.38,11.24
2681,4.0643,,1.48e-06,10.26,11.24
2682,3.8656,,1.47e-06,10.33,11.24
2683,3.3187,,1.46e-06,10.18,11.24
2684,4.3905,,1.45e-06,10.22,11.24
2685,3.2189,,1.44e-06,10.26,11.24
2686,4.5318,,1.43e-06,10.28,11.24
2687,4.4096,,1.42e-06,10.29,11.24
2688,4.5788,,1.41e-06,10.23,11.24
2689,4.2678,,1.41e-06,10.24,11.24
2690,3.8888,,1.40e-06,10.16,11.24
2691,3.2787,,1.39e-06,10.29,11.24
2692,4.267,,1.38e-06,10.32,11.24
2693,4.1733,,1.37e-06,10.34,11.24
2694,4.4106,,1.36e-06,10.41,11.24
2695,3.3227,,1.35e-06,10.31,11.24
2696,4.3334,,1.34e-06,10.31,11.24
2697,4.4721,,1.33e-06,10.3,11.24
2698,4.583,,1.33e-06,10.31,11.24
2699,4.0047,,1.32e-06,10.33,11.24
2700,4.3503,,1.31e-06,10.37,11.24
2701,4.2437,,1.30e-06,10.33,11.24
2702,3.6427,,1.29e-06,10.19,11.24
2703,4.4368,,1.28e-06,10.27,11.24
2704,3.9916,,1.27e-06,10.31,11.24
2705,4.2181,,1.27e-06,10.4,11.24
2706,4.6037,,1.26e-06,10.36,11.24
2707,4.2201,,1.25e-06,10.34,11.24
2708,3.9324,,1.24e-06,10.47,11.24
2709,4.0809,,1.23e-06,10.48,11.24
2710,4.2915,,1.22e-06,10.41,11.24
2711,3.4341,,1.22e-06,10.4,11.24
2712,3.9572,,1.21e-06,10.45,11.24
2713,3.7231,,1.20e-06,10.38,11.24
2714,3.403,,1.19e-06,10.45,11.24
2715,4.1108,,1.18e-06,10.35,11.24
2716,3.8377,,1.17e-06,10.27,11.24
2717,3.4321,,1.17e-06,10.35,11.24
2718,3.9617,,1.16e-06,10.37,11.24
2719,4.3449,,1.15e-06,10.33,11.24
2720,3.7954,,1.14e-06,10.24,11.24
2721,3.5861,,1.13e-06,10.26,11.24
2722,4.451,,1.13e-06,10.34,11.24
2723,4.6226,,1.12e-06,10.38,11.24
2724,4.2375,,1.11e-06,10.33,11.24
2725,4.3647,,1.10e-06,10.34,11.24
2726,3.714,,1.09e-06,10.33,11.24
2727,4.067,,1.09e-06,10.24,11.24
2728,4.2512,,1.08e-06,10.46,11.24
2729,3.8038,,1.07e-06,10.42,11.24
2730,3.6868,,1.06e-06,10.47,11.24
2731,4.3996,,1.05e-06,10.4,11.24
2732,4.2853,,1.05e-06,10.51,11.24
2733,4.0155,,1.04e-06,10.35,11.24
2734,4.0823,,1.03e-06,10.37,11.24
2735,3.6013,,1.02e-06,10.31,11.24
2736,4.5798,,1.02e-06,10.3,11.24
2737,4.0907,,1.01e-06,10.3,11.24
2738,4.6121,,1.00e-06,10.21,11.24
2739,3.6722,,9.93e-07,10.23,11.24
2740,3.8281,,9.85e-07,10.16,11.24
2741,3.6662,,9.78e-07,10.28,11.24
2742,4.2031,,9.70e-07,10.25,11.24
2743,4.1087,,9.63e-07,10.25,11.24
2744,4.3979,,9.55e-07,10.29,11.24
2745,3.8014,,9.48e-07,10.19,11.24
2746,4.1758,,9.40e-07,10.23,11.24
2747,3.6836,,9.33e-07,10.27,11.24
2748,4.2805,,9.26e-07,10.37,11.24
2749,3.4327,,9.19e-07,10.39,11.24
2750,4.176,,9.11e-07,10.42,11.24
2750,,4.3724,9.11e-07,,9.2
2751,3.3985,,9.04e-07,9.91,11.25
2752,3.7661,,8.97e-07,9.86,11.25
2753,3.5685,,8.90e-07,9.8,11.25
2754,4.5442,,8.82e-07,9.88,11.25
2755,4.4586,,8.75e-07,9.85,11.26
2756,3.8648,,8.68e-07,9.87,11.26
2757,4.6741,,8.61e-07,9.93,11.26
2758,3.2044,,8.54e-07,9.9,11.26
2759,4.5976,,8.47e-07,9.9,11.26
2760,3.9781,,8.40e-07,10.03,11.26
2761,3.8597,,8.33e-07,10.16,11.26
2762,4.2596,,8.26e-07,10.12,11.26
2763,4.276,,8.19e-07,10.21,11.26
2764,3.9345,,8.13e-07,10.18,11.26
2765,4.4731,,8.06e-07,10.21,11.26
2766,3.9394,,7.99e-07,10.3,11.26
2767,3.5156,,7.92e-07,10.16,11.26
2768,3.8082,,7.85e-07,10.24,11.26
2769,3.971,,7.79e-07,10.24,11.26
2770,3.91,,7.72e-07,10.21,11.26
2771,3.66,,7.65e-07,10.2,11.26
2772,3.8414,,7.59e-07,10.23,11.26
2773,3.2459,,7.52e-07,10.33,11.26
2774,4.4669,,7.46e-07,10.3,11.26
2775,3.6979,,7.39e-07,10.44,11.26
2776,3.9461,,7.32e-07,10.31,11.26
2777,2.8618,,7.26e-07,10.25,11.26
2778,3.7079,,7.19e-07,10.23,11.26
2779,4.2387,,7.13e-07,10.39,11.26
2780,4.4409,,7.07e-07,10.45,11.26
2781,4.0511,,7.00e-07,10.41,11.26
2782,4.1587,,6.94e-07,10.4,11.26
2783,3.8024,,6.88e-07,10.35,11.26
2784,4.1176,,6.81e-07,10.4,11.26
2785,4.2989,,6.75e-07,10.26,11.26
2786,3.9902,,6.69e-07,10.34,11.26
2787,3.5953,,6.63e-07,10.25,11.26
2788,2.3945,,6.56e-07,10.26,11.26
2789,2.9026,,6.50e-07,10.26,11.26
2790,3.9276,,6.44e-07,10.16,11.26
2791,3.866,,6.38e-07,10.27,11.26
2792,3.9799,,6.32e-07,10.2,11.26
2793,4.0153,,6.26e-07,10.3,11.26
2794,3.7171,,6.20e-07,10.21,11.26
2795,3.0362,,6.14e-07,10.2,11.26
2796,3.5763,,6.08e-07,10.11,11.26
2797,3.8887,,6.02e-07,10.26,11.26
2798,4.1228,,5.96e-07,10.34,11.26
2799,3.4133,,5.90e-07,10.28,11.26
2800,3.6955,,5.84e-07,10.34,11.26
2801,4.3579,,5.79e-07,10.22,11.26
2802,4.2676,,5.73e-07,10.17,11.26
2803,3.7975,,5.67e-07,10.17,11.26
2804,4.4211,,5.61e-07,10.18,11.26
2805,4.1186,,5.56e-07,10.16,11.26
2806,4.3619,,5.50e-07,10.13,11.26
2807,4.4239,,5.44e-07,10.14,11.26
2808,4.4756,,5.39e-07,10.09,11.26
2809,3.9488,,5.33e-07,10.18,11.26
2810,4.0082,,5.28e-07,10.14,11.26
2811,4.4343,,5.22e-07,10.14,11.26
2812,4.2625,,5.17e-07,10.16,11.26
2813,3.2718,,5.11e-07,10.21,11.26
2814,3.6641,,5.06e-07,10.3,11.26
2815,4.1086,,5.00e-07,10.27,11.26
2816,4.0769,,4.95e-07,10.34,11.26
2817,3.2513,,4.90e-07,10.12,11.26
2818,3.4946,,4.84e-07,10.19,11.26
2819,3.3503,,4.79e-07,10.14,11.26
2820,4.3316,,4.74e-07,10.12,11.26
2821,3.3474,,4.69e-07,10.2,11.26
2822,4.2705,,4.63e-07,10.17,11.26
2823,4.3055,,4.58e-07,10.25,11.26
2824,4.1742,,4.53e-07,10.17,11.26
2825,4.2844,,4.48e-07,10.16,11.26
2826,4.3058,,4.43e-07,10.13,11.26
2827,4.2165,,4.38e-07,10.15,11.26
2828,4.4257,,4.33e-07,10.22,11.26
2829,3.8038,,4.28e-07,10.34,11.26
2830,4.1638,,4.23e-07,10.32,11.26
2831,2.4822,,4.18e-07,10.28,11.26
2832,3.562,,4.13e-07,10.35,11.26
2833,4.398,,4.08e-07,10.3,11.26
2834,4.6703,,4.03e-07,10.27,11.26
2835,3.9451,,3.98e-07,10.31,11.26
2836,4.1665,,3.94e-07,10.24,11.26
2837,4.3838,,3.89e-07,10.31,11.26
2838,3.9428,,3.84e-07,10.2,11.26
2839,3.9604,,3.79e-07,10.23,11.26
2840,4.3978,,3.75e-07,10.28,11.26
2841,4.1797,,3.70e-07,10.34,11.26
2842,3.8578,,3.65e-07,10.28,11.26
2843,3.6497,,3.61e-07,10.34,11.26
2844,3.8646,,3.56e-07,10.32,11.26
2845,3.4976,,3.52e-07,10.22,11.26
2846,3.8684,,3.47e-07,10.41,11.26
2847,4.194,,3.43e-07,10.37,11.26
2848,3.7893,,3.38e-07,10.44,11.26
2849,4.3314,,3.34e-07,10.37,11.26
2850,2.9798,,3.29e-07,10.42,11.26
2851,4.2888,,3.25e-07,10.37,11.26
2852,4.0202,,3.21e-07,10.31,11.26
2853,4.0124,,3.16e-07,10.39,11.26
2854,4.011,,3.12e-07,10.32,11.26
2855,3.3157,,3.08e-07,10.36,11.26
2856,3.6387,,3.04e-07,10.2,11.26
2857,4.0038,,2.99e-07,10.22,11.26
2858,3.0154,,2.95e-07,10.29,11.26
2859,4.8224,,2.91e-07,10.33,11.26
2860,4.4243,,2.87e-07,10.34,11.26
2861,3.5432,,2.83e-07,10.29,11.26
2862,3.6773,,2.79e-07,10.27,11.26
2863,4.0892,,2.75e-07,10.19,11.26
2864,4.0924,,2.71e-07,10.39,11.26
2865,4.7267,,2.67e-07,10.39,11.26
2866,3.8123,,2.63e-07,10.41,11.26
2867,3.525,,2.59e-07,10.41,11.26
2868,3.3213,,2.55e-07,10.44,11.26
2869,4.6023,,2.51e-07,10.4,11.26
2870,4.11,,2.48e-07,10.32,11.26
2871,4.3171,,2.44e-07,10.4,11.26
2872,3.9567,,2.40e-07,10.37,11.26
2873,3.4392,,2.36e-07,10.49,11.26
2874,4.1876,,2.33e-07,10.26,11.26
2875,3.9909,,2.29e-07,10.26,11.26
2876,4.0373,,2.25e-07,10.4,11.26
2877,4.34,,2.22e-07,10.43,11.26
2878,4.2138,,2.18e-07,10.43,11.26
2879,3.7051,,2.14e-07,10.4,11.26
2880,3.9484,,2.11e-07,10.38,11.26
2881,3.5632,,2.07e-07,10.29,11.26
2882,3.9819,,2.04e-07,10.45,11.26
2883,4.2946,,2.01e-07,10.48,11.26
2884,3.5128,,1.97e-07,10.44,11.26
2885,3.5683,,1.94e-07,10.49,11.26
2886,4.5953,,1.90e-07,10.48,11.26
2887,3.5715,,1.87e-07,10.46,11.26
2888,4.404,,1.84e-07,10.38,11.26
2889,4.0969,,1.81e-07,10.49,11.26
2890,4.2373,,1.77e-07,10.35,11.26
2891,4.1298,,1.74e-07,10.43,11.26
2892,4.1086,,1.71e-07,10.43,11.26
2893,4.2085,,1.68e-07,10.55,11.26
2894,3.0516,,1.65e-07,10.56,11.26
2895,3.9741,,1.62e-07,10.43,11.26
2896,4.1789,,1.58e-07,10.49,11.26
2897,3.9177,,1.55e-07,10.49,11.26
2898,3.8721,,1.52e-07,10.58,11.26
2899,4.1264,,1.49e-07,10.42,11.26
2900,3.9776,,1.47e-07,10.56,11.26
2901,3.6838,,1.44e-07,10.46,11.26
2902,4.594,,1.41e-07,10.47,11.26
2903,4.0372,,1.38e-07,10.49,11.26
2904,4.2532,,1.35e-07,10.5,11.26
2905,3.8874,,1.32e-07,10.41,11.26
2906,3.9653,,1.30e-07,10.42,11.26
2907,3.9994,,1.27e-07,10.42,11.26
2908,4.2362,,1.24e-07,10.39,11.26
2909,4.5284,,1.21e-07,10.46,11.26
2910,4.4206,,1.19e-07,10.39,11.26
2911,3.1993,,1.16e-07,10.42,11.26
2912,4.3256,,1.14e-07,10.47,11.26
2913,3.7256,,1.11e-07,10.42,11.26
2914,4.1344,,1.08e-07,10.39,11.26
2915,3.8409,,1.06e-07,10.36,11.26
2916,4.1844,,1.03e-07,10.43,11.26
2917,4.149,,1.01e-07,10.36,11.26
2918,3.221,,9.86e-08,10.41,11.26
2919,4.288,,9.62e-08,10.4,11.26
2920,4.386,,9.38e-08,10.41,11.26
2921,4.0475,,9.15e-08,10.45,11.26
2922,3.3224,,8.92e-08,10.53,11.26
2923,4.186,,8.69e-08,10.48,11.26
2924,4.3726,,8.47e-08,10.47,11.26
2925,4.0268,,8.25e-08,10.42,11.26
2926,4.433,,8.03e-08,10.32,11.26
2927,3.8681,,7.81e-08,10.4,11.26
2928,3.4223,,7.60e-08,10.34,11.26
2929,4.2603,,7.39e-08,10.35,11.26
2930,4.6167,,7.18e-08,10.34,11.26
2931,3.8289,,6.98e-08,10.42,11.26
2932,4.4134,,6.78e-08,10.49,11.26
2933,4.1678,,6.58e-08,10.44,11.26
2934,4.51,,6.39e-08,10.5,11.26
2935,4.0937,,6.20e-08,10.45,11.26
2936,3.7272,,6.01e-08,10.5,11.26
2937,4.0504,,5.82e-08,10.43,11.26
2938,4.2361,,5.64e-08,10.45,11.26
2939,3.7764,,5.46e-08,10.45,11.26
2940,3.3385,,5.28e-08,10.46,11.26
2941,4.1261,,5.10e-08,10.43,11.26
2942,4.3161,,4.93e-08,10.41,11.26
2943,4.3264,,4.76e-08,10.46,11.26
2944,2.9862,,4.60e-08,10.37,11.26
2945,3.2894,,4.44e-08,10.39,11.26
2946,3.9108,,4.28e-08,10.35,11.26
2947,3.0996,,4.12e-08,10.3,11.26
2948,4.4461,,3.97e-08,10.28,11.26
2949,4.448,,3.81e-08,10.25,11.26
2950,3.8176,,3.67e-08,10.38,11.26
2951,4.6882,,3.52e-08,10.34,11.26
2952,4.1885,,3.38e-08,10.39,11.26
2953,4.2013,,3.24e-08,10.35,11.26
2954,4.3104,,3.10e-08,10.37,11.26
2955,3.953,,2.97e-08,10.25,11.26
2956,4.4692,,2.84e-08,10.37,11.26
2957,3.246,,2.71e-08,10.43,11.26
2958,4.4879,,2.59e-08,10.39,11.26
2959,3.8707,,2.47e-08,10.41,11.26
2960,4.0951,,2.35e-08,10.34,11.26
2961,4.3891,,2.23e-08,10.4,11.26
2962,3.5727,,2.12e-08,10.29,11.26
2963,4.2656,,2.01e-08,10.3,11.26
2964,3.8338,,1.90e-08,10.21,11.26
2965,4.1696,,1.80e-08,10.24,11.26
2966,4.0585,,1.70e-08,10.23,11.26
2967,4.2054,,1.60e-08,10.1,11.26
2968,3.6093,,1.50e-08,10.2,11.26
2969,4.2688,,1.41e-08,10.22,11.26
2970,4.2109,,1.32e-08,10.31,11.26
2971,3.9612,,1.23e-08,10.25,11.26
2972,3.9973,,1.15e-08,10.3,11.26
2973,4.1603,,1.07e-08,10.17,11.26
2974,3.3528,,9.92e-09,10.14,11.26
2975,3.4097,,9.17e-09,10.38,11.26
2976,4.5729,,8.45e-09,10.34,11.26
2977,4.3515,,7.76e-09,10.39,11.26
2978,4.6533,,7.10e-09,10.32,11.26
2979,3.8201,,6.47e-09,10.36,11.26
2980,3.9444,,5.87e-09,10.32,11.26
2981,3.6575,,5.30e-09,10.38,11.26
2982,3.8935,,4.75e-09,10.25,11.26
2983,4.2578,,4.24e-09,10.19,11.26
2984,4.1674,,3.76e-09,10.33,11.26
2985,3.3856,,3.30e-09,10.24,11.26
2986,4.0984,,2.88e-09,10.23,11.27
2987,4.3478,,2.48e-09,10.1,11.27
2988,4.4487,,2.11e-09,10.21,11.27
2989,4.0909,,1.77e-09,10.34,11.27
2990,4.4891,,1.47e-09,10.28,11.27
2991,3.5252,,1.19e-09,10.39,11.27
2992,3.88,,9.39e-10,10.2,11.27
2993,3.8472,,7.19e-10,10.23,11.27
2994,2.5229,,5.28e-10,10.24,11.27
2995,4.6913,,3.67e-10,10.41,11.27
2996,4.0289,,2.35e-10,10.37,11.27
2997,3.8714,,1.32e-10,10.34,11.27
2998,4.3924,,5.87e-11,10.41,11.27
2999,2.983,,1.47e-11,10.34,11.27
3000,3.8616,,0.00e+00,10.37,11.27
3000,,4.3724,0.00e+00,,9.18
