step,train_loss,val_loss,lr,sec_per_step,mps_driver_gb
0,,4.4305,0.0,,13.32
1,3.9836,,5.00e-07,14.68,17.27
2,4.9248,,1.00e-06,15.05,17.34
3,3.9892,,1.50e-06,14.95,17.34
4,4.0409,,2.00e-06,15.45,17.34
5,4.7669,,2.50e-06,15.87,17.35
6,4.1805,,3.00e-06,16.14,17.35
7,4.6078,,3.50e-06,16.05,17.36
8,4.0866,,4.00e-06,16.12,17.37
9,4.3519,,4.50e-06,16.24,17.37
10,4.7068,,5.00e-06,16.08,17.38
11,4.0865,,5.50e-06,16.12,17.39
12,3.8836,,6.00e-06,16.18,17.39
13,4.4196,,6.50e-06,16.28,17.41
14,4.2204,,7.00e-06,16.16,17.41
15,4.4913,,7.50e-06,16.15,17.41
16,3.5163,,8.00e-06,16.37,17.41
17,4.4852,,8.50e-06,16.39,17.41
18,4.4843,,9.00e-06,16.4,17.41
19,4.4073,,9.50e-06,16.31,17.41
20,4.3528,,1.00e-05,16.34,17.41
21,4.1459,,1.05e-05,16.46,17.41
22,4.2602,,1.10e-05,16.3,17.42
23,4.3102,,1.15e-05,16.22,17.42
24,4.2727,,1.20e-05,16.38,17.43
25,4.1972,,1.25e-05,16.34,17.43
26,3.9333,,1.30e-05,16.5,17.43
27,3.9828,,1.35e-05,16.6,17.43
28,4.5433,,1.40e-05,16.54,17.43
29,4.1755,,1.45e-05,16.58,17.43
30,4.3594,,1.50e-05,16.47,17.43
31,3.9359,,1.55e-05,16.47,17.43
32,4.302,,1.60e-05,16.75,17.43
33,4.2468,,1.65e-05,16.56,17.43
34,4.1264,,1.70e-05,16.79,17.43
35,4.1367,,1.75e-05,16.79,17.44
36,4.2464,,1.80e-05,16.69,17.44
37,4.3507,,1.85e-05,16.55,17.44
38,4.1557,,1.90e-05,16.63,17.44
39,4.6738,,1.95e-05,16.53,17.44
40,4.5556,,2.00e-05,16.49,17.44
41,4.185,,2.05e-05,16.47,17.44
42,4.2309,,2.10e-05,16.45,17.44
43,3.6159,,2.15e-05,16.41,17.44
44,4.5765,,2.20e-05,16.41,17.44
45,4.533,,2.25e-05,16.44,17.45
46,3.4744,,2.30e-05,16.4,17.45
47,4.2484,,2.35e-05,16.34,17.45
48,3.7638,,2.40e-05,16.39,17.45
49,4.4511,,2.45e-05,16.37,17.45
50,4.4364,,2.50e-05,16.34,17.45
51,4.2735,,2.55e-05,16.46,17.45
52,3.7028,,2.60e-05,16.47,17.45
53,3.7288,,2.65e-05,16.4,17.45
54,4.0256,,2.70e-05,16.31,17.45
55,3.2194,,2.75e-05,16.41,17.45
56,3.8764,,2.80e-05,16.47,17.45
57,4.343,,2.85e-05,16.38,17.45
58,3.6149,,2.90e-05,16.48,17.45
59,4.025,,2.95e-05,16.46,17.45
60,4.2485,,3.00e-05,16.3,17.45
61,4.4802,,3.05e-05,16.47,17.45
62,3.0717,,3.10e-05,16.67,17.45
63,3.5308,,3.15e-05,16.34,17.45
64,3.1013,,3.20e-05,16.32,17.45
65,4.5018,,3.25e-05,16.26,17.45
66,4.3249,,3.30e-05,16.15,17.45
67,4.2833,,3.35e-05,16.31,17.45
68,3.7219,,3.40e-05,16.45,17.45
69,4.191,,3.45e-05,16.38,17.45
70,4.1053,,3.50e-05,16.21,17.45
71,4.4148,,3.55e-05,16.5,17.45
72,4.2689,,3.60e-05,16.52,17.45
73,4.0429,,3.65e-05,16.41,17.45
74,4.4556,,3.70e-05,16.3,17.45
75,4.0159,,3.75e-05,16.21,17.45
76,4.4191,,3.80e-05,16.26,17.45
77,4.1714,,3.85e-05,16.18,17.45
78,4.0081,,3.90e-05,16.25,17.45
79,3.6902,,3.95e-05,16.33,17.45
80,4.2213,,4.00e-05,16.2,17.45
81,3.8396,,4.05e-05,16.54,17.45
82,4.0506,,4.10e-05,16.68,17.45
83,4.1732,,4.15e-05,16.36,17.45
84,4.2942,,4.20e-05,16.42,17.45
85,4.034,,4.25e-05,16.34,17.45
86,3.8708,,4.30e-05,16.31,17.45
87,3.7161,,4.35e-05,16.27,17.45
88,3.9669,,4.40e-05,16.21,17.45
89,2.7847,,4.45e-05,16.09,17.45
90,4.1514,,4.50e-05,16.25,17.45
91,4.2248,,4.55e-05,16.27,17.45
92,4.3365,,4.60e-05,16.29,17.45
93,4.5881,,4.65e-05,16.38,17.45
94,3.8703,,4.70e-05,16.42,17.45
95,4.2359,,4.75e-05,16.38,17.45
96,3.6617,,4.80e-05,16.31,17.45
97,4.6183,,4.85e-05,16.23,17.45
98,3.0019,,4.90e-05,16.08,17.45
99,3.2769,,4.95e-05,16.15,17.45
100,4.3515,,5.00e-05,16.1,17.45
100,,4.3831,5.00e-05,,14.42
101,4.1184,,5.00e-05,16.07,16.44
102,3.7824,,5.00e-05,16.19,16.44
103,3.8905,,5.00e-05,16.23,16.44
104,3.773,,5.00e-05,16.39,16.44
105,3.9008,,5.00e-05,16.11,16.44
106,3.7228,,5.00e-05,16.18,16.44
107,3.7652,,5.00e-05,16.11,16.44
108,3.8983,,5.00e-05,16.08,16.44
109,4.3981,,5.00e-05,15.91,16.44
110,4.2445,,5.00e-05,16.13,16.44
111,3.7254,,5.00e-05,16.24,16.44
112,4.5883,,5.00e-05,16.18,16.44
113,3.9748,,5.00e-05,16.3,16.44
114,3.9844,,5.00e-05,16.27,16.44
115,3.3937,,5.00e-05,16.01,16.44
116,3.7076,,5.00e-05,16.14,16.45
117,4.4439,,5.00e-05,16.07,16.45
118,4.1798,,5.00e-05,16.09,16.45
119,3.592,,5.00e-05,16.1,16.45
120,3.1562,,5.00e-05,16.1,16.45
121,4.3229,,5.00e-05,16.03,16.45
122,4.6257,,5.00e-05,16.18,16.45
123,3.1355,,5.00e-05,16.45,16.45
124,3.9366,,5.00e-05,16.33,16.45
125,3.9588,,5.00e-05,16.28,16.45
126,4.1022,,5.00e-05,16.14,16.45
127,4.5426,,5.00e-05,16.18,16.45
128,4.1945,,5.00e-05,16.12,16.45
129,4.175,,5.00e-05,15.99,16.45
130,4.1425,,5.00e-05,16.21,16.45
131,4.0076,,5.00e-05,16.18,16.45
132,3.9418,,5.00e-05,16.1,16.45
133,4.5532,,5.00e-05,16.2,16.45
134,4.4735,,5.00e-05,16.34,16.45
135,3.6801,,5.00e-05,16.31,16.45
136,4.593,,5.00e-05,16.16,16.45
137,4.0519,,5.00e-05,16.2,16.45
138,4.1077,,5.00e-05,16.18,16.45
139,4.0953,,5.00e-05,16.17,16.45
140,3.708,,5.00e-05,16.06,16.45
141,3.5362,,5.00e-05,16.12,16.45
142,4.0739,,5.00e-05,16.21,16.45
143,4.1567,,5.00e-05,16.3,16.45
144,4.4599,,5.00e-05,16.3,16.45
145,4.0218,,5.00e-05,16.41,16.45
146,3.8073,,5.00e-05,16.35,16.45
147,4.3729,,5.00e-05,16.24,16.45
148,3.2292,,5.00e-05,16.15,16.45
149,3.7244,,5.00e-05,16.16,16.45
150,4.5239,,5.00e-05,16.24,16.45
151,3.2898,,5.00e-05,16.14,16.45
152,4.6389,,5.00e-05,16.27,16.45
153,4.131,,5.00e-05,16.27,16.45
154,3.1695,,5.00e-05,16.29,16.45
155,4.6604,,5.00e-05,16.33,16.45
156,3.9792,,5.00e-05,16.4,16.45
157,4.5114,,5.00e-05,16.35,16.45
158,3.6253,,5.00e-05,16.28,16.45
159,4.2887,,4.99e-05,16.28,16.45
160,4.6251,,4.99e-05,16.33,16.45
161,4.3221,,4.99e-05,16.24,16.45
162,4.2573,,4.99e-05,16.31,16.45
163,3.9784,,4.99e-05,16.31,16.45
164,3.5578,,4.99e-05,16.2,16.45
165,4.366,,4.99e-05,16.27,16.45
166,4.4977,,4.99e-05,16.07,16.45
167,4.1845,,4.99e-05,15.99,16.45
168,3.7782,,4.99e-05,16.2,16.45
169,4.5479,,4.99e-05,16.13,16.45
170,4.6157,,4.99e-05,16.06,16.45
171,4.0967,,4.99e-05,16.06,16.45
172,4.5981,,4.99e-05,16.32,16.45
173,4.2471,,4.99e-05,16.3,16.45
174,3.7037,,4.99e-05,16.26,16.45
175,4.2293,,4.99e-05,16.32,16.45
176,3.5442,,4.99e-05,16.28,16.45
177,4.3049,,4.99e-05,16.2,16.45
178,4.4831,,4.99e-05,16.17,16.45
179,3.8511,,4.99e-05,16.19,16.45
180,3.3949,,4.99e-05,16.08,16.45
181,4.5752,,4.99e-05,16.14,16.45
182,3.7966,,4.99e-05,16.23,16.45
183,3.9572,,4.99e-05,16.29,16.45
184,3.1101,,4.99e-05,16.01,16.45
185,4.0487,,4.99e-05,16.38,16.45
186,4.4009,,4.99e-05,16.37,16.45
187,4.4253,,4.99e-05,16.32,16.45
188,3.3142,,4.99e-05,16.39,16.45
189,4.0859,,4.99e-05,16.3,16.45
190,4.2071,,4.99e-05,16.32,16.45
191,4.6155,,4.99e-05,16.35,16.45
192,4.3611,,4.99e-05,16.37,16.45
193,4.0388,,4.99e-05,16.31,16.45
194,4.0611,,4.99e-05,16.25,16.45
195,3.8916,,4.99e-05,16.32,16.45
196,4.2083,,4.99e-05,16.18,16.45
197,2.8053,,4.99e-05,16.26,16.45
198,3.564,,4.99e-05,16.26,16.45
199,4.0472,,4.99e-05,16.19,16.45
200,3.9782,,4.99e-05,16.22,16.45
201,4.3828,,4.99e-05,16.18,16.45
202,3.8264,,4.98e-05,16.29,16.45
203,4.5399,,4.98e-05,16.29,16.45
204,4.1448,,4.98e-05,16.2,16.45
205,3.471,,4.98e-05,16.36,16.45
206,4.0573,,4.98e-05,16.36,16.45
207,4.6872,,4.98e-05,16.19,16.45
208,4.2417,,4.98e-05,16.4,16.45
209,3.8369,,4.98e-05,16.32,16.45
210,3.9079,,4.98e-05,16.24,16.45
211,4.5994,,4.98e-05,16.27,16.45
212,3.6825,,4.98e-05,16.25,16.45
213,3.9249,,4.98e-05,16.23,16.45
214,4.1525,,4.98e-05,16.21,16.45
215,2.8136,,4.98e-05,16.22,16.45
216,3.8208,,4.98e-05,16.15,16.45
217,3.6541,,4.98e-05,16.23,16.45
218,3.3149,,4.98e-05,16.2,16.45
219,4.2834,,4.98e-05,16.12,16.45
220,4.1038,,4.98e-05,16.19,16.45
221,3.8771,,4.98e-05,16.05,16.45
222,4.4847,,4.98e-05,16.04,16.45
223,3.8318,,4.98e-05,16.3,16.45
224,4.1747,,4.98e-05,16.22,16.46
225,4.0157,,4.98e-05,16.16,16.47
226,3.9169,,4.98e-05,16.26,16.47
227,4.3802,,4.98e-05,16.39,16.47
228,4.3337,,4.98e-05,16.39,16.47
229,4.3964,,4.98e-05,16.26,16.47
230,3.2624,,4.98e-05,16.39,16.47
231,3.9955,,4.97e-05,16.33,16.47
232,3.8612,,4.97e-05,16.45,16.47
233,4.3312,,4.97e-05,16.31,16.47
234,4.6166,,4.97e-05,16.35,16.47
235,4.5001,,4.97e-05,16.44,16.47
236,4.5819,,4.97e-05,16.19,16.47
237,4.0221,,4.97e-05,16.49,16.47
238,4.3442,,4.97e-05,16.43,16.47
239,4.6325,,4.97e-05,16.35,16.47
240,4.2661,,4.97e-05,16.38,16.47
241,3.8097,,4.97e-05,16.36,16.47
242,3.3195,,4.97e-05,16.31,16.47
243,4.0309,,4.97e-05,16.27,16.47
244,4.4703,,4.97e-05,16.29,16.47
245,4.3988,,4.97e-05,16.23,16.47
246,4.3846,,4.97e-05,16.29,16.47
247,4.721,,4.97e-05,16.21,16.47
248,3.1139,,4.97e-05,16.14,16.47
249,3.6553,,4.97e-05,16.03,16.47
250,3.7683,,4.97e-05,16.11,16.47
250,,4.3657,4.97e-05,,14.43
251,4.2184,,4.97e-05,15.86,17.48
252,4.0357,,4.97e-05,15.78,17.48
253,3.7268,,4.97e-05,15.69,17.48
254,4.0471,,4.97e-05,15.65,17.48
255,3.447,,4.96e-05,15.74,17.48
256,3.698,,4.96e-05,15.85,17.48
257,4.5674,,4.96e-05,15.9,17.48
258,3.7986,,4.96e-05,16.05,17.48
259,3.9024,,4.96e-05,16.09,17.48
260,4.2829,,4.96e-05,16.17,17.48
261,4.1245,,4.96e-05,16.25,17.48
262,3.5377,,4.96e-05,16.2,17.48
263,4.6827,,4.96e-05,16.2,17.48
264,4.0454,,4.96e-05,16.23,17.48
265,4.6186,,4.96e-05,16.28,17.48
266,4.2075,,4.96e-05,16.31,17.48
267,3.9986,,4.96e-05,16.24,17.48
268,4.2012,,4.96e-05,16.33,17.48
269,4.1048,,4.96e-05,16.23,17.48
270,4.1844,,4.96e-05,16.27,17.48
271,4.1465,,4.96e-05,16.4,17.48
272,3.7724,,4.96e-05,16.15,17.48
273,4.4085,,4.96e-05,16.13,17.48
274,4.3525,,4.96e-05,16.12,17.48
275,3.8661,,4.96e-05,16.02,17.48
276,4.4761,,4.95e-05,16.32,17.48
277,4.4407,,4.95e-05,16.31,17.48
278,4.099,,4.95e-05,16.36,17.48
279,3.7951,,4.95e-05,16.33,17.48
280,4.4123,,4.95e-05,16.3,17.48
281,3.115,,4.95e-05,16.36,17.48
282,4.2858,,4.95e-05,16.34,17.48
283,4.0685,,4.95e-05,16.27,17.48
284,3.5406,,4.95e-05,16.15,17.48
285,4.3178,,4.95e-05,16.17,17.48
286,4.263,,4.95e-05,16.03,17.48
287,4.0802,,4.95e-05,16.02,17.48
288,4.1036,,4.95e-05,16.1,17.48
289,4.061,,4.95e-05,16.16,17.48
290,3.8215,,4.95e-05,16.12,17.48
291,4.0927,,4.95e-05,16.11,17.48
292,3.8997,,4.95e-05,16.18,17.48
293,4.7463,,4.95e-05,16.26,17.48
294,4.448,,4.94e-05,16.22,17.48
295,3.8085,,4.94e-05,16.16,17.48
296,4.059,,4.94e-05,16.0,17.48
297,3.7545,,4.94e-05,15.95,17.48
298,3.6752,,4.94e-05,16.02,17.48
299,3.7453,,4.94e-05,15.87,17.48
300,4.0589,,4.94e-05,16.03,17.48
301,4.5259,,4.94e-05,16.04,17.48
302,4.2708,,4.94e-05,15.86,17.48
303,4.4111,,4.94e-05,16.04,17.48
304,3.7433,,4.94e-05,16.2,17.48
305,3.9932,,4.94e-05,16.25,17.48
306,3.9619,,4.94e-05,16.32,17.48
307,4.3876,,4.94e-05,16.87,17.48
308,3.6293,,4.94e-05,16.59,17.48
309,3.4168,,4.94e-05,16.49,17.48
310,3.5798,,4.94e-05,16.6,17.48
311,3.6959,,4.93e-05,16.6,17.48
312,4.3175,,4.93e-05,16.48,17.48
313,3.8772,,4.93e-05,16.69,17.48
314,4.3782,,4.93e-05,16.91,17.48
315,4.357,,4.93e-05,16.9,17.48
316,3.3927,,4.93e-05,16.57,17.48
317,3.7992,,4.93e-05,16.7,17.48
318,3.5505,,4.93e-05,16.59,17.48
319,4.2113,,4.93e-05,16.46,17.48
320,4.4479,,4.93e-05,16.34,17.48
321,3.7895,,4.93e-05,16.13,17.48
322,4.43,,4.93e-05,16.08,17.48
323,4.3762,,4.93e-05,16.08,17.48
324,4.0843,,4.93e-05,16.07,17.48
325,4.5042,,4.93e-05,16.15,17.48
326,3.144,,4.93e-05,16.14,17.48
327,4.4419,,4.92e-05,16.15,17.48
328,3.9106,,4.92e-05,15.98,17.48
329,3.7506,,4.92e-05,16.15,17.48
330,4.395,,4.92e-05,16.19,17.48
331,4.6407,,4.92e-05,16.17,17.48
332,4.106,,4.92e-05,16.02,17.48
333,4.1413,,4.92e-05,16.37,17.48
334,4.2924,,4.92e-05,16.38,17.48
335,4.4135,,4.92e-05,16.23,17.48
336,3.393,,4.92e-05,16.2,17.48
337,3.6066,,4.92e-05,16.09,17.48
338,3.632,,4.92e-05,16.01,17.49
339,4.4702,,4.92e-05,15.99,17.49
340,4.5039,,4.92e-05,16.05,17.49
341,3.4168,,4.92e-05,16.06,17.49
342,3.9887,,4.91e-05,16.02,17.49
343,4.1892,,4.91e-05,15.97,17.49
344,3.9803,,4.91e-05,16.01,17.49
345,3.2569,,4.91e-05,16.26,17.49
346,4.1572,,4.91e-05,16.24,17.49
347,3.7394,,4.91e-05,16.05,17.49
348,4.3993,,4.91e-05,16.13,17.49
349,4.3062,,4.91e-05,16.23,17.49
350,3.4328,,4.91e-05,16.28,17.49
351,4.4281,,4.91e-05,16.09,17.49
352,4.3889,,4.91e-05,16.11,17.49
353,4.2689,,4.91e-05,16.29,17.49
354,4.1643,,4.91e-05,16.29,17.49
355,4.1639,,4.91e-05,16.32,17.49
356,3.7559,,4.90e-05,16.39,17.49
357,4.2794,,4.90e-05,16.25,17.49
358,4.4034,,4.90e-05,16.19,17.49
359,3.6135,,4.90e-05,16.17,17.49
360,3.7581,,4.90e-05,16.2,17.49
361,3.3131,,4.90e-05,16.17,17.49
362,4.0204,,4.90e-05,16.15,17.49
363,4.4574,,4.90e-05,16.15,17.49
364,4.4729,,4.90e-05,16.21,17.49
365,4.4886,,4.90e-05,16.38,17.49
366,4.1317,,4.90e-05,16.46,17.49
367,3.7731,,4.90e-05,16.33,17.49
368,4.3997,,4.90e-05,16.45,17.49
369,4.0093,,4.89e-05,16.25,17.49
370,3.769,,4.89e-05,16.2,17.49
371,3.9514,,4.89e-05,16.23,17.49
372,4.5048,,4.89e-05,16.18,17.49
373,4.4831,,4.89e-05,16.26,17.49
374,3.9887,,4.89e-05,16.21,17.49
375,4.0346,,4.89e-05,16.18,17.49
376,3.5162,,4.89e-05,16.41,17.49
377,4.4043,,4.89e-05,16.34,17.49
378,3.1553,,4.89e-05,16.38,17.49
379,3.8364,,4.89e-05,16.34,17.49
380,3.964,,4.89e-05,16.21,17.49
381,4.35,,4.89e-05,16.21,17.49
382,4.2634,,4.88e-05,16.19,17.49
383,4.3318,,4.88e-05,16.19,17.49
384,4.141,,4.88e-05,16.23,17.49
385,3.6306,,4.88e-05,16.24,17.49
386,4.0157,,4.88e-05,16.13,17.49
387,4.2808,,4.88e-05,16.23,17.49
388,4.3002,,4.88e-05,16.39,17.49
389,4.0447,,4.88e-05,16.26,17.49
390,3.6674,,4.88e-05,16.14,17.49
391,3.3675,,4.88e-05,16.24,17.49
392,3.5533,,4.88e-05,16.16,17.49
393,3.7495,,4.88e-05,16.19,17.5
394,4.4769,,4.87e-05,16.11,17.51
395,3.6918,,4.87e-05,16.18,17.51
396,4.1567,,4.87e-05,16.21,17.51
397,4.1493,,4.87e-05,16.31,17.51
398,4.5506,,4.87e-05,16.41,17.51
399,4.6194,,4.87e-05,16.21,17.51
400,4.0968,,4.87e-05,16.25,17.51
401,4.7531,,4.87e-05,16.36,17.51
402,3.7561,,4.87e-05,16.17,17.51
403,4.4469,,4.87e-05,16.26,17.51
404,4.0725,,4.87e-05,16.27,17.51
405,4.299,,4.86e-05,16.23,17.51
406,3.9314,,4.86e-05,16.19,17.51
407,4.2921,,4.86e-05,16.42,17.51
408,4.0325,,4.86e-05,16.38,17.51
409,3.3695,,4.86e-05,16.28,17.51
410,4.3109,,4.86e-05,16.3,17.51
411,4.0288,,4.86e-05,16.41,17.51
412,4.2812,,4.86e-05,16.31,17.51
413,4.0747,,4.86e-05,16.1,17.51
414,4.2956,,4.86e-05,16.25,17.51
415,4.2972,,4.86e-05,16.48,17.51
416,4.2254,,4.85e-05,16.49,17.51
417,3.1799,,4.85e-05,16.43,17.51
418,4.2846,,4.85e-05,16.53,17.51
419,4.4631,,4.85e-05,16.35,17.51
420,4.2071,,4.85e-05,16.33,17.51
421,3.9799,,4.85e-05,16.4,17.51
422,4.5227,,4.85e-05,16.35,17.51
423,4.1123,,4.85e-05,16.42,17.51
424,3.389,,4.85e-05,16.3,17.51
425,4.4015,,4.85e-05,16.19,17.51
426,2.9857,,4.85e-05,16.3,17.51
427,4.1105,,4.84e-05,16.43,17.51
428,3.8274,,4.84e-05,16.37,17.51
429,4.3543,,4.84e-05,16.38,17.51
430,4.0328,,4.84e-05,16.31,17.51
431,4.2998,,4.84e-05,16.2,17.51
432,4.0355,,4.84e-05,16.2,17.51
433,4.247,,4.84e-05,16.07,17.51
434,4.2498,,4.84e-05,16.14,17.51
435,4.2159,,4.84e-05,16.0,17.51
436,2.758,,4.84e-05,15.92,17.51
437,3.5118,,4.84e-05,16.11,17.51
438,4.2253,,4.83e-05,16.15,17.51
439,3.6072,,4.83e-05,16.23,17.51
440,4.0875,,4.83e-05,16.32,17.51
441,4.3352,,4.83e-05,16.32,17.51
442,3.8644,,4.83e-05,15.98,17.51
443,3.8161,,4.83e-05,16.02,17.51
444,4.3045,,4.83e-05,15.98,17.51
445,4.284,,4.83e-05,15.94,17.51
446,3.9912,,4.83e-05,16.15,17.51
447,4.3913,,4.83e-05,15.99,17.51
448,3.7426,,4.82e-05,15.87,17.51
449,4.0638,,4.82e-05,16.17,17.51
450,4.5821,,4.82e-05,16.24,17.51
451,3.9812,,4.82e-05,16.14,17.51
452,3.9561,,4.82e-05,16.09,17.51
453,3.2203,,4.82e-05,16.1,17.51
454,4.2505,,4.82e-05,16.03,17.51
455,4.3956,,4.82e-05,15.97,17.51
456,4.1397,,4.82e-05,15.99,17.51
457,4.463,,4.82e-05,16.12,17.51
458,4.5462,,4.81e-05,16.16,17.51
459,4.319,,4.81e-05,15.98,17.51
460,3.8056,,4.81e-05,16.08,17.51
461,3.3204,,4.81e-05,16.17,17.51
462,4.2722,,4.81e-05,16.28,17.51
463,4.3201,,4.81e-05,16.3,17.51
464,3.9773,,4.81e-05,16.18,17.51
465,4.4806,,4.81e-05,16.17,17.51
466,3.821,,4.81e-05,16.17,17.51
467,4.2728,,4.81e-05,16.16,17.51
468,4.4743,,4.80e-05,16.01,17.51
469,4.0336,,4.80e-05,16.23,17.51
470,3.043,,4.80e-05,16.22,17.51
471,3.5108,,4.80e-05,15.97,17.51
472,3.6684,,4.80e-05,16.23,17.51
473,3.8432,,4.80e-05,16.34,17.51
474,3.712,,4.80e-05,16.35,17.51
475,3.4053,,4.80e-05,16.39,17.51
476,3.7499,,4.80e-05,16.31,17.51
477,4.2067,,4.79e-05,16.21,17.51
478,3.7956,,4.79e-05,16.29,17.51
479,4.1141,,4.79e-05,16.22,17.51
480,3.5662,,4.79e-05,16.12,17.51
481,4.1355,,4.79e-05,16.18,17.51
482,3.9478,,4.79e-05,16.29,17.51
483,3.9847,,4.79e-05,16.11,17.51
484,4.3398,,4.79e-05,16.21,17.51
485,4.059,,4.79e-05,16.4,17.51
486,4.3656,,4.78e-05,16.37,17.51
487,4.4764,,4.78e-05,16.3,17.51
488,4.6622,,4.78e-05,16.34,17.51
489,3.4453,,4.78e-05,16.2,17.51
490,3.6061,,4.78e-05,16.21,17.51
491,4.1573,,4.78e-05,16.06,17.51
492,3.8968,,4.78e-05,16.06,17.51
493,4.1155,,4.78e-05,16.18,17.51
494,3.8087,,4.78e-05,16.24,17.51
495,4.4412,,4.77e-05,16.23,17.51
496,4.1313,,4.77e-05,16.04,17.51
497,4.0713,,4.77e-05,16.29,17.51
498,3.7506,,4.77e-05,16.32,17.51
499,3.8193,,4.77e-05,16.31,17.51
500,4.4328,,4.77e-05,16.22,17.51
500,,4.3539,4.77e-05,,14.45
501,4.3219,,4.77e-05,15.8,17.5
502,3.6191,,4.77e-05,15.41,17.5
503,4.1916,,4.77e-05,15.68,17.5
504,3.8242,,4.76e-05,15.73,17.5
505,3.6478,,4.76e-05,15.73,17.5
506,3.5697,,4.76e-05,15.9,17.5
507,4.1934,,4.76e-05,15.96,17.5
508,4.2306,,4.76e-05,15.79,17.5
509,4.4105,,4.76e-05,15.86,17.5
510,4.1942,,4.76e-05,15.85,17.5
511,4.5358,,4.76e-05,15.82,17.5
512,4.0961,,4.76e-05,15.96,17.5
513,3.9186,,4.75e-05,16.03,17.5
514,3.3003,,4.75e-05,16.1,17.5
515,3.9864,,4.75e-05,15.98,17.5
516,4.3236,,4.75e-05,16.19,17.5
517,4.0824,,4.75e-05,16.31,17.5
518,3.7001,,4.75e-05,16.08,17.5
519,4.32,,4.75e-05,16.15,17.5
520,3.877,,4.75e-05,16.14,17.5
521,3.8332,,4.74e-05,16.21,17.5
522,3.7893,,4.74e-05,16.1,17.5
523,4.2345,,4.74e-05,16.1,17.5
524,4.3458,,4.74e-05,16.28,17.5
525,3.4123,,4.74e-05,16.33,17.5
526,3.9267,,4.74e-05,16.39,17.5
527,3.6789,,4.74e-05,16.33,17.5
528,3.7234,,4.74e-05,16.39,17.5
529,4.2155,,4.73e-05,16.35,17.5
530,4.1639,,4.73e-05,16.25,17.5
531,4.3242,,4.73e-05,16.2,17.5
532,3.9505,,4.73e-05,16.31,17.5
533,3.6417,,4.73e-05,16.19,17.5
534,3.0131,,4.73e-05,16.19,17.5
535,3.1507,,4.73e-05,16.25,17.5
536,4.166,,4.73e-05,16.15,17.5
537,4.2345,,4.73e-05,16.32,17.5
538,3.7755,,4.72e-05,16.4,17.5
539,4.3164,,4.72e-05,16.45,17.5
540,4.0097,,4.72e-05,16.37,17.5
541,4.113,,4.72e-05,16.29,17.5
542,3.955,,4.72e-05,16.33,17.5
543,4.2395,,4.72e-05,16.18,17.5
544,3.7014,,4.72e-05,16.22,17.5
545,4.2002,,4.72e-05,16.19,17.5
546,3.7306,,4.71e-05,16.12,17.5
547,4.3075,,4.71e-05,16.14,17.5
548,4.4377,,4.71e-05,16.31,17.5
549,4.3571,,4.71e-05,16.25,17.5
550,3.9687,,4.71e-05,16.08,17.5
551,3.8358,,4.71e-05,16.31,17.5
552,4.0665,,4.71e-05,16.34,17.5
553,3.1531,,4.70e-05,16.24,17.5
554,4.6638,,4.70e-05,16.32,17.5
555,3.7309,,4.70e-05,16.29,17.5
556,3.9914,,4.70e-05,16.12,17.5
557,4.2518,,4.70e-05,16.17,17.5
558,4.2894,,4.70e-05,16.14,17.5
559,3.8673,,4.70e-05,16.11,17.5
560,3.1617,,4.70e-05,16.28,17.5
561,3.9023,,4.69e-05,16.27,17.5
562,3.8107,,4.69e-05,16.24,17.5
563,4.0344,,4.69e-05,16.21,17.5
564,3.4486,,4.69e-05,16.45,17.5
565,3.0037,,4.69e-05,16.45,17.5
566,3.0581,,4.69e-05,16.31,17.5
567,4.3124,,4.69e-05,16.31,17.5
568,4.2349,,4.69e-05,16.31,17.5
569,4.4065,,4.68e-05,16.31,17.5
570,4.2845,,4.68e-05,16.15,17.5
571,4.2427,,4.68e-05,16.14,17.5
572,4.4536,,4.68e-05,16.37,17.5
573,3.9045,,4.68e-05,16.24,17.5
574,4.325,,4.68e-05,16.27,17.5
575,3.9301,,4.68e-05,16.33,17.5
576,4.3006,,4.67e-05,16.37,17.5
577,4.102,,4.67e-05,16.42,17.5
578,4.2461,,4.67e-05,16.32,17.5
579,4.497,,4.67e-05,16.31,17.5
580,3.694,,4.67e-05,16.38,17.5
581,3.8632,,4.67e-05,16.42,17.5
582,4.1112,,4.67e-05,16.43,17.5
583,3.6888,,4.67e-05,16.32,17.5
584,3.8071,,4.66e-05,16.38,17.5
585,3.2357,,4.66e-05,16.41,17.5
586,4.3717,,4.66e-05,16.32,17.5
587,4.2738,,4.66e-05,16.45,17.5
588,4.168,,4.66e-05,16.39,17.5
589,3.8463,,4.66e-05,16.25,17.5
590,4.221,,4.66e-05,16.25,17.5
591,4.1231,,4.65e-05,16.23,17.5
592,4.4213,,4.65e-05,16.28,17.5
593,3.9946,,4.65e-05,16.13,17.5
594,3.0983,,4.65e-05,16.12,17.5
595,3.7132,,4.65e-05,16.22,17.5
596,2.9126,,4.65e-05,16.16,17.5
597,3.8657,,4.65e-05,16.23,17.5
598,3.6745,,4.64e-05,16.14,17.5
599,3.9969,,4.64e-05,16.06,17.5
600,3.269,,4.64e-05,16.13,17.5
601,3.993,,4.64e-05,16.16,17.5
602,3.2113,,4.64e-05,16.25,17.5
603,3.9105,,4.64e-05,16.27,17.5
604,3.9177,,4.64e-05,16.18,17.5
605,4.4215,,4.64e-05,16.19,17.5
606,4.4205,,4.63e-05,16.09,17.5
607,3.7258,,4.63e-05,16.28,17.5
608,4.2635,,4.63e-05,16.01,17.5
609,3.9933,,4.63e-05,16.24,17.5
610,3.9691,,4.63e-05,16.37,17.5
611,4.353,,4.63e-05,16.38,17.5
612,4.3021,,4.63e-05,16.44,17.5
613,4.2525,,4.62e-05,16.49,17.5
614,4.1793,,4.62e-05,16.5,17.5
615,4.3963,,4.62e-05,16.4,17.5
616,3.9271,,4.62e-05,16.31,17.5
617,3.874,,4.62e-05,16.44,17.5
618,4.0661,,4.62e-05,16.38,17.5
619,3.1307,,4.62e-05,16.18,17.5
620,3.9334,,4.61e-05,16.24,17.5
621,4.0349,,4.61e-05,16.27,17.5
622,4.1328,,4.61e-05,16.34,17.5
623,3.8276,,4.61e-05,16.49,17.5
624,3.9352,,4.61e-05,16.45,17.5
625,4.2923,,4.61e-05,16.38,17.5
626,3.9217,,4.60e-05,16.43,17.5
627,4.4973,,4.60e-05,16.24,17.5
628,3.644,,4.60e-05,16.2,17.5
629,3.3847,,4.60e-05,16.24,17.5
630,3.6847,,4.60e-05,16.33,17.5
631,4.1217,,4.60e-05,16.11,17.5
632,3.9363,,4.60e-05,16.3,17.5
633,3.768,,4.59e-05,16.47,17.5
634,4.1278,,4.59e-05,16.46,17.5
635,4.0085,,4.59e-05,16.5,17.5
636,4.2873,,4.59e-05,16.64,17.5
637,4.348,,4.59e-05,16.45,17.5
638,4.1032,,4.59e-05,16.43,17.5
639,4.0603,,4.59e-05,16.27,17.5
640,4.1575,,4.58e-05,16.43,17.5
641,4.4658,,4.58e-05,16.32,17.5
642,3.9107,,4.58e-05,16.21,17.5
643,4.2691,,4.58e-05,16.24,17.5
644,3.5976,,4.58e-05,16.35,17.5
645,4.2438,,4.58e-05,16.35,17.5
646,4.3408,,4.58e-05,16.63,17.5
647,3.5287,,4.57e-05,16.5,17.5
648,4.5479,,4.57e-05,16.49,17.5
649,3.2241,,4.57e-05,16.57,17.5
650,4.5476,,4.57e-05,16.47,17.5
651,4.2455,,4.57e-05,16.33,17.5
652,4.2301,,4.57e-05,16.42,17.5
653,3.6784,,4.56e-05,16.46,17.5
654,4.1938,,4.56e-05,16.3,17.5
655,3.7678,,4.56e-05,16.28,17.5
656,3.8862,,4.56e-05,16.48,17.5
657,4.065,,4.56e-05,16.47,17.5
658,3.739,,4.56e-05,16.47,17.5
659,3.8607,,4.56e-05,16.44,17.5
660,3.8818,,4.55e-05,16.28,17.5
661,4.4934,,4.55e-05,16.38,17.5
662,4.0946,,4.55e-05,16.33,17.5
663,3.8864,,4.55e-05,16.21,17.5
664,4.5026,,4.55e-05,16.27,17.5
665,3.9454,,4.55e-05,16.15,17.5
666,4.451,,4.54e-05,16.24,17.5
667,3.4916,,4.54e-05,16.45,17.5
668,4.5082,,4.54e-05,16.37,17.5
669,4.3001,,4.54e-05,16.43,17.5
670,4.3527,,4.54e-05,16.45,17.5
671,4.1951,,4.54e-05,16.31,17.5
672,3.3298,,4.54e-05,16.41,17.5
673,3.4473,,4.53e-05,16.27,17.5
674,4.3785,,4.53e-05,16.37,17.5
675,3.606,,4.53e-05,16.39,17.5
676,3.1649,,4.53e-05,16.46,17.5
677,3.6648,,4.53e-05,16.33,17.5
678,3.9827,,4.53e-05,16.27,17.5
679,4.2461,,4.52e-05,16.56,17.5
680,3.062,,4.52e-05,16.51,17.5
681,3.585,,4.52e-05,16.38,17.5
682,4.265,,4.52e-05,16.27,17.5
683,4.2735,,4.52e-05,16.28,17.5
684,3.7262,,4.52e-05,16.13,17.5
685,4.4567,,4.51e-05,15.99,17.5
686,3.4331,,4.51e-05,16.11,17.5
687,4.476,,4.51e-05,16.11,17.5
688,3.9693,,4.51e-05,15.95,17.5
689,4.6327,,4.51e-05,16.0,17.5
690,4.2839,,4.51e-05,16.23,17.5
691,3.6637,,4.50e-05,16.22,17.5
692,4.1634,,4.50e-05,16.29,17.5
693,3.948,,4.50e-05,16.13,17.5
694,4.1962,,4.50e-05,16.04,17.5
695,4.2145,,4.50e-05,16.03,17.5
696,4.7226,,4.50e-05,16.2,17.5
697,4.2363,,4.50e-05,16.09,17.5
698,4.1786,,4.49e-05,16.19,17.5
699,4.4624,,4.49e-05,16.37,17.5
700,3.6829,,4.49e-05,16.4,17.5
701,4.0501,,4.49e-05,16.47,17.5
702,3.5492,,4.49e-05,16.44,17.5
703,3.7547,,4.49e-05,16.39,17.5
704,3.1877,,4.48e-05,16.34,17.5
705,4.385,,4.48e-05,16.39,17.5
706,4.11,,4.48e-05,16.39,17.5
707,4.213,,4.48e-05,16.47,17.5
708,4.6913,,4.48e-05,16.32,17.5
709,4.6488,,4.48e-05,16.49,17.5
710,4.5913,,4.47e-05,16.6,17.5
711,4.0767,,4.47e-05,16.28,17.5
712,3.9722,,4.47e-05,16.41,17.5
713,4.4025,,4.47e-05,16.37,17.5
714,4.3865,,4.47e-05,16.33,17.5
715,3.7219,,4.47e-05,16.38,17.5
716,3.9847,,4.46e-05,16.39,17.5
717,4.2083,,4.46e-05,16.24,17.5
718,3.3329,,4.46e-05,16.29,17.5
719,4.009,,4.46e-05,16.35,17.5
720,4.2219,,4.46e-05,16.31,17.5
721,3.5076,,4.46e-05,16.42,17.5
722,4.2292,,4.45e-05,16.21,17.5
723,4.6892,,4.45e-05,16.15,17.5
724,4.4373,,4.45e-05,16.2,17.5
725,3.9567,,4.45e-05,16.21,17.5
726,3.9626,,4.45e-05,16.28,17.5
727,3.784,,4.45e-05,16.08,17.5
728,4.1525,,4.44e-05,16.22,17.5
729,4.1199,,4.44e-05,16.37,17.5
730,4.5362,,4.44e-05,16.39,17.5
731,3.1711,,4.44e-05,16.26,17.5
732,4.4154,,4.44e-05,16.36,17.5
733,4.5979,,4.43e-05,16.32,17.5
734,4.4257,,4.43e-05,16.2,17.5
735,4.2285,,4.43e-05,16.2,17.5
736,4.3024,,4.43e-05,16.18,17.5
737,3.922,,4.43e-05,16.13,17.5
738,3.9599,,4.43e-05,16.32,17.5
739,4.5022,,4.42e-05,16.4,17.5
740,4.112,,4.42e-05,16.21,17.5
741,4.026,,4.42e-05,16.29,17.5
742,4.4912,,4.42e-05,16.47,17.5
743,4.465,,4.42e-05,16.44,17.5
744,3.8695,,4.42e-05,16.45,17.5
745,4.242,,4.41e-05,16.36,17.5
746,3.4833,,4.41e-05,16.29,17.5
747,3.9756,,4.41e-05,16.21,17.5
748,4.1577,,4.41e-05,16.13,17.5
749,3.4517,,4.41e-05,16.17,17.5
750,3.3377,,4.41e-05,16.16,17.5
750,,4.3475,4.41e-05,,14.43
751,4.5277,,4.40e-05,15.78,16.48
752,3.0893,,4.40e-05,15.55,16.48
753,3.9689,,4.40e-05,15.63,16.48
754,4.18,,4.40e-05,15.61,16.48
755,3.5753,,4.40e-05,15.53,16.48
756,4.328,,4.39e-05,15.97,16.48
757,3.8124,,4.39e-05,16.0,16.48
758,4.5718,,4.39e-05,16.06,16.48
759,4.3297,,4.39e-05,16.21,16.49
760,4.4289,,4.39e-05,16.13,16.49
761,4.1984,,4.39e-05,16.12,16.49
762,3.805,,4.38e-05,16.16,16.49
763,4.2227,,4.38e-05,16.16,16.5
764,4.1521,,4.38e-05,16.11,16.5
765,3.5027,,4.38e-05,16.2,16.5
766,4.1908,,4.38e-05,16.18,16.5
767,4.4798,,4.38e-05,16.22,16.5
768,4.1963,,4.37e-05,16.49,16.5
769,4.043,,4.37e-05,16.43,16.5
770,4.0555,,4.37e-05,16.44,16.5
771,3.7969,,4.37e-05,16.33,16.5
772,4.2997,,4.37e-05,16.35,16.5
773,4.4369,,4.36e-05,16.37,16.5
774,4.2905,,4.36e-05,16.15,16.5
775,3.8912,,4.36e-05,16.2,16.5
776,3.4874,,4.36e-05,16.31,16.5
777,3.9452,,4.36e-05,16.23,16.5
778,4.4967,,4.36e-05,16.09,16.5
779,4.132,,4.35e-05,16.34,16.5
780,4.1985,,4.35e-05,16.35,16.5
781,3.7919,,4.35e-05,16.26,16.5
782,4.4039,,4.35e-05,16.25,16.5
783,3.605,,4.35e-05,16.23,16.5
784,3.961,,4.34e-05,16.15,16.5
785,3.7202,,4.34e-05,16.3,16.5
786,4.1151,,4.34e-05,16.16,16.5
787,3.2691,,4.34e-05,16.19,16.5
788,4.3459,,4.34e-05,16.24,16.5
789,3.875,,4.34e-05,16.29,16.5
790,4.4157,,4.33e-05,16.42,16.5
791,4.4541,,4.33e-05,16.4,16.5
792,4.0444,,4.33e-05,16.38,16.5
793,4.4829,,4.33e-05,16.3,16.5
794,3.5412,,4.33e-05,16.21,16.5
795,4.5503,,4.32e-05,16.29,16.5
796,3.9457,,4.32e-05,16.27,16.5
797,4.1111,,4.32e-05,16.13,16.5
798,3.8081,,4.32e-05,16.22,16.5
799,4.382,,4.32e-05,16.28,16.5
800,4.289,,4.31e-05,16.34,16.5
801,4.434,,4.31e-05,16.41,16.5
802,3.546,,4.31e-05,16.51,16.5
803,4.0608,,4.31e-05,16.42,16.5
804,3.8638,,4.31e-05,16.11,16.5
805,4.1086,,4.31e-05,16.06,16.5
806,3.5965,,4.30e-05,16.09,16.5
807,4.2371,,4.30e-05,15.93,16.5
808,3.7028,,4.30e-05,16.01,16.5
809,3.6627,,4.30e-05,15.99,16.5
810,4.1782,,4.30e-05,15.94,16.5
811,4.1284,,4.29e-05,15.99,16.5
812,3.5916,,4.29e-05,15.95,16.5
813,3.13,,4.29e-05,15.96,16.5
814,3.8427,,4.29e-05,15.94,16.5
815,4.3548,,4.29e-05,16.01,16.5
816,3.9792,,4.28e-05,15.91,16.5
817,4.4309,,4.28e-05,16.0,16.5
818,4.0994,,4.28e-05,16.01,16.5
819,3.7192,,4.28e-05,15.94,16.5
820,4.4126,,4.28e-05,16.02,16.5
821,4.2504,,4.28e-05,15.99,16.5
822,3.9555,,4.27e-05,16.08,16.5
823,3.4339,,4.27e-05,16.05,16.5
824,2.8789,,4.27e-05,16.11,16.5
825,2.2954,,4.27e-05,16.05,16.5
826,4.5696,,4.27e-05,16.11,16.5
827,4.0544,,4.26e-05,16.29,16.5
828,4.0023,,4.26e-05,16.19,16.5
829,3.6272,,4.26e-05,16.14,16.5
830,3.8012,,4.26e-05,16.39,16.5
831,2.8819,,4.26e-05,16.42,16.5
832,4.2668,,4.25e-05,16.42,16.5
833,3.8503,,4.25e-05,16.25,16.5
834,3.7824,,4.25e-05,16.17,16.5
835,3.6865,,4.25e-05,16.31,16.5
836,3.8976,,4.25e-05,16.09,16.5
837,4.2063,,4.24e-05,16.29,16.5
838,4.224,,4.24e-05,16.35,16.5
839,4.159,,4.24e-05,16.28,16.5
840,4.4627,,4.24e-05,16.22,16.5
841,4.0666,,4.24e-05,16.38,16.5
842,4.4411,,4.23e-05,16.45,16.5
843,4.3129,,4.23e-05,16.47,16.5
844,4.4796,,4.23e-05,16.46,16.5
845,3.7741,,4.23e-05,16.36,16.5
846,4.311,,4.23e-05,16.35,16.5
847,4.2525,,4.23e-05,16.28,16.5
848,4.3087,,4.22e-05,16.13,16.5
849,3.3539,,4.22e-05,16.43,16.5
850,3.6909,,4.22e-05,16.4,16.5
851,4.3641,,4.22e-05,16.34,16.5
852,4.0946,,4.22e-05,16.26,16.5
853,3.3175,,4.21e-05,16.49,16.5
854,3.5124,,4.21e-05,16.5,16.5
855,3.4889,,4.21e-05,16.48,16.5
856,3.7613,,4.21e-05,16.37,16.5
857,3.9237,,4.21e-05,16.4,16.5
858,4.4447,,4.20e-05,16.44,16.5
859,4.1112,,4.20e-05,16.19,16.5
860,4.3278,,4.20e-05,16.38,16.5
861,4.4075,,4.20e-05,16.42,16.5
862,4.1578,,4.20e-05,16.42,16.5
863,4.4105,,4.19e-05,16.36,16.5
864,4.3067,,4.19e-05,16.42,16.5
865,3.8073,,4.19e-05,16.51,16.5
866,3.6787,,4.19e-05,16.45,16.5
867,3.3172,,4.19e-05,16.43,16.5
868,3.6475,,4.18e-05,16.47,16.5
869,4.6013,,4.18e-05,16.38,16.5
870,4.3003,,4.18e-05,16.34,16.5
871,4.2974,,4.18e-05,16.27,16.5
872,4.1561,,4.18e-05,16.29,16.5
873,4.3217,,4.17e-05,16.41,16.5
874,3.7449,,4.17e-05,16.49,16.5
875,4.2529,,4.17e-05,16.55,16.5
876,4.4135,,4.17e-05,16.49,16.5
877,4.0715,,4.17e-05,16.46,16.5
878,3.6434,,4.16e-05,16.31,16.5
879,4.0681,,4.16e-05,16.14,16.5
880,3.8167,,4.16e-05,16.15,16.5
881,3.7009,,4.16e-05,16.16,16.5
882,3.8404,,4.16e-05,15.91,16.5
883,4.2135,,4.15e-05,16.07,16.5
884,3.9655,,4.15e-05,16.07,16.5
885,4.3327,,4.15e-05,16.12,16.5
886,3.1105,,4.15e-05,16.32,16.5
887,4.0162,,4.15e-05,16.3,16.5
888,3.8844,,4.14e-05,16.09,16.5
889,4.1876,,4.14e-05,16.06,16.5
890,3.5494,,4.14e-05,16.02,16.5
891,3.8927,,4.14e-05,16.01,16.5
892,3.5891,,4.13e-05,16.08,16.5
893,4.0442,,4.13e-05,16.07,16.5
894,3.1989,,4.13e-05,15.92,16.5
895,4.7374,,4.13e-05,16.17,16.5
896,4.4489,,4.13e-05,16.26,16.5
897,3.7943,,4.12e-05,16.23,16.5
898,3.5513,,4.12e-05,16.08,16.5
899,4.1256,,4.12e-05,16.19,16.5
900,4.121,,4.12e-05,16.28,16.5
901,4.7141,,4.12e-05,16.14,16.5
902,3.852,,4.11e-05,16.43,16.5
903,2.777,,4.11e-05,16.31,16.5
904,4.2494,,4.11e-05,16.14,16.5
905,4.6162,,4.11e-05,16.39,16.5
906,4.0398,,4.11e-05,16.3,16.5
907,3.9356,,4.10e-05,16.37,16.5
908,4.4163,,4.10e-05,16.3,16.5
909,3.3383,,4.10e-05,16.28,16.5
910,4.1561,,4.10e-05,16.32,16.5
911,3.726,,4.10e-05,16.2,16.5
912,4.4215,,4.09e-05,16.29,16.5
913,4.4545,,4.09e-05,16.33,16.5
914,3.7704,,4.09e-05,16.2,16.5
915,4.099,,4.09e-05,16.31,16.5
916,3.4875,,4.09e-05,16.19,16.5
917,4.1542,,4.08e-05,16.15,16.5
918,4.1262,,4.08e-05,16.26,16.5
919,3.8602,,4.08e-05,16.38,16.5
920,3.5779,,4.08e-05,16.25,16.5
921,3.9933,,4.07e-05,16.3,16.5
922,4.612,,4.07e-05,16.32,16.5
923,3.4845,,4.07e-05,16.29,16.5
924,4.3952,,4.07e-05,16.3,16.5
925,4.0975,,4.07e-05,16.35,16.5
926,4.4258,,4.06e-05,16.35,16.5
927,4.0986,,4.06e-05,16.24,16.5
928,4.2213,,4.06e-05,16.45,16.5
929,4.0921,,4.06e-05,16.14,16.5
930,3.0096,,4.06e-05,16.1,16.5
931,4.0415,,4.05e-05,16.18,16.5
932,4.2388,,4.05e-05,16.15,16.5
933,4.0173,,4.05e-05,16.1,16.5
934,3.8233,,4.05e-05,16.01,16.5
935,3.9548,,4.05e-05,16.35,16.5
936,4.24,,4.04e-05,16.38,16.5
937,3.7083,,4.04e-05,16.31,16.5
938,4.3526,,4.04e-05,16.35,16.5
939,4.1745,,4.04e-05,16.35,16.5
940,4.0102,,4.03e-05,16.14,16.5
941,4.1546,,4.03e-05,16.24,16.5
942,3.9753,,4.03e-05,16.18,16.5
943,4.136,,4.03e-05,16.1,16.5
944,4.2598,,4.03e-05,16.23,16.5
945,4.5545,,4.02e-05,16.27,16.5
946,3.7512,,4.02e-05,16.25,16.5
947,3.8185,,4.02e-05,16.25,16.5
948,4.4776,,4.02e-05,16.46,16.5
949,3.6404,,4.02e-05,16.36,16.5
950,3.967,,4.01e-05,16.45,16.5
951,4.0819,,4.01e-05,16.39,16.5
952,3.9414,,4.01e-05,16.18,16.5
953,3.9841,,4.01e-05,16.22,16.5
954,3.5332,,4.00e-05,16.07,16.5
955,4.4883,,4.00e-05,16.19,16.5
956,4.091,,4.00e-05,16.3,16.5
957,3.8673,,4.00e-05,16.46,16.5
958,3.73,,4.00e-05,16.39,16.5
959,4.1873,,3.99e-05,16.35,16.5
960,4.3808,,3.99e-05,16.35,16.5
961,4.0521,,3.99e-05,16.36,16.5
962,3.9818,,3.99e-05,16.23,16.5
963,4.1992,,3.98e-05,16.31,16.5
964,3.6653,,3.98e-05,16.32,16.5
965,4.1276,,3.98e-05,16.26,16.5
966,4.3011,,3.98e-05,16.16,16.5
967,4.233,,3.98e-05,16.29,16.5
968,4.4,,3.97e-05,16.38,16.5
969,4.0686,,3.97e-05,16.33,16.5
970,4.7036,,3.97e-05,16.4,16.5
971,3.733,,3.97e-05,16.36,16.5
972,3.7112,,3.97e-05,16.21,16.5
973,4.3499,,3.96e-05,16.11,16.5
974,4.1903,,3.96e-05,16.09,16.5
975,3.6082,,3.96e-05,16.02,16.5
976,3.3725,,3.96e-05,16.04,16.5
977,4.3461,,3.95e-05,15.9,16.5
978,4.3775,,3.95e-05,15.9,16.5
979,4.2994,,3.95e-05,15.99,16.5
980,2.7599,,3.95e-05,16.23,16.5
981,3.1143,,3.95e-05,16.18,16.5
982,3.8724,,3.94e-05,16.36,16.5
983,3.7691,,3.94e-05,16.23,16.5
984,4.3694,,3.94e-05,16.1,16.5
985,4.149,,3.94e-05,16.14,16.5
986,4.421,,3.93e-05,16.11,16.5
987,4.6499,,3.93e-05,16.28,16.5
988,4.0871,,3.93e-05,16.2,16.5
989,3.9884,,3.93e-05,16.48,16.5
990,4.396,,3.93e-05,16.49,16.5
991,4.2094,,3.92e-05,16.33,16.5
992,4.3614,,3.92e-05,16.4,16.5
993,3.3794,,3.92e-05,16.39,16.5
994,4.4765,,3.92e-05,16.3,16.5
995,4.0203,,3.91e-05,16.38,16.5
996,4.1842,,3.91e-05,16.37,16.5
997,4.3638,,3.91e-05,16.29,16.5
998,3.5757,,3.91e-05,16.3,16.5
999,4.2601,,3.91e-05,16.29,16.5
1000,3.938,,3.90e-05,16.34,16.5
1000,,4.3399,3.90e-05,,14.41
1001,4.1066,,3.90e-05,15.72,17.46
1002,4.0381,,3.90e-05,15.86,17.46
1003,4.384,,3.90e-05,15.68,17.46
1004,3.623,,3.89e-05,15.79,17.46
1005,4.0711,,3.89e-05,15.9,17.46
1006,4.3338,,3.89e-05,15.82,17.46
1007,3.9481,,3.89e-05,15.83,17.46
1008,3.7845,,3.88e-05,15.85,17.47
1009,3.9764,,3.88e-05,15.92,17.48
1010,3.5731,,3.88e-05,15.98,17.48
1011,3.68,,3.88e-05,16.1,17.48
1012,4.5809,,3.88e-05,16.02,17.48
1013,4.2547,,3.87e-05,16.13,17.48
1014,4.6815,,3.87e-05,16.0,17.48
1015,3.6303,,3.87e-05,16.28,17.48
1016,4.2805,,3.87e-05,16.34,17.48
1017,3.8783,,3.86e-05,16.23,17.48
1018,3.6874,,3.86e-05,16.22,17.48
1019,4.3937,,3.86e-05,16.15,17.48
1020,3.6826,,3.86e-05,16.26,17.48
1021,4.0747,,3.86e-05,16.2,17.48
1022,4.1094,,3.85e-05,16.04,17.48
1023,4.4445,,3.85e-05,16.28,17.48
1024,4.3536,,3.85e-05,16.29,17.48
1025,4.0291,,3.85e-05,16.46,17.48
1026,4.426,,3.84e-05,16.53,17.49
1027,3.4746,,3.84e-05,16.68,17.5
1028,3.7177,,3.84e-05,16.42,17.5
1029,3.6178,,3.84e-05,16.2,17.5
1030,3.0496,,3.83e-05,16.32,17.5
1031,4.8491,,3.83e-05,16.29,17.5
1032,4.1119,,3.83e-05,16.11,17.5
1033,3.9684,,3.83e-05,16.07,17.5
1034,4.3487,,3.83e-05,16.16,17.5
1035,2.9373,,3.82e-05,16.14,17.5
1036,3.525,,3.82e-05,16.33,17.5
1037,3.7253,,3.82e-05,16.27,17.5
1038,3.6825,,3.82e-05,16.31,17.5
1039,4.0471,,3.81e-05,16.17,17.5
1040,3.8783,,3.81e-05,16.14,17.5
1041,4.501,,3.81e-05,16.17,17.5
1042,3.5581,,3.81e-05,16.24,17.5
1043,4.1552,,3.81e-05,16.38,17.5
1044,4.0012,,3.80e-05,16.44,17.5
1045,4.0839,,3.80e-05,16.26,17.5
1046,4.2516,,3.80e-05,16.5,17.5
1047,3.7443,,3.80e-05,16.53,17.5
1048,4.3654,,3.79e-05,16.52,17.5
1049,4.2731,,3.79e-05,16.59,17.5
1050,4.1381,,3.79e-05,16.46,17.5
1051,4.4275,,3.79e-05,16.23,17.5
1052,4.2538,,3.78e-05,16.29,17.5
1053,4.4203,,3.78e-05,16.35,17.5
1054,3.8433,,3.78e-05,16.31,17.5
1055,3.0566,,3.78e-05,16.12,17.5
1056,3.874,,3.77e-05,16.13,17.5
1057,4.5413,,3.77e-05,16.08,17.5
1058,4.34,,3.77e-05,16.31,17.5
1059,3.8959,,3.77e-05,16.37,17.5
1060,4.2098,,3.77e-05,16.23,17.5
1061,4.0594,,3.76e-05,16.07,17.5
1062,4.2315,,3.76e-05,16.02,17.5
1063,4.5372,,3.76e-05,16.06,17.5
1064,4.1015,,3.76e-05,15.89,17.5
1065,4.0695,,3.75e-05,15.97,17.5
1066,4.2486,,3.75e-05,16.15,17.5
1067,3.9595,,3.75e-05,16.04,17.5
1068,3.6495,,3.75e-05,15.96,17.5
1069,4.5196,,3.74e-05,16.12,17.5
1070,3.8949,,3.74e-05,16.27,17.5
1071,4.321,,3.74e-05,16.25,17.5
1072,4.0173,,3.74e-05,16.09,17.5
1073,4.0096,,3.74e-05,16.19,17.5
1074,4.2024,,3.73e-05,16.1,17.5
1075,4.3956,,3.73e-05,16.23,17.5
1076,3.8955,,3.73e-05,16.14,17.5
1077,3.9665,,3.73e-05,16.01,17.5
1078,3.8099,,3.72e-05,16.18,17.5
1079,3.8776,,3.72e-05,16.21,17.5
1080,3.706,,3.72e-05,16.26,17.5
1081,4.2992,,3.72e-05,16.37,17.5
1082,4.2531,,3.71e-05,16.28,17.5
1083,4.2736,,3.71e-05,16.14,17.5
1084,4.4017,,3.71e-05,16.03,17.5
1085,3.8254,,3.71e-05,16.12,17.5
1086,3.969,,3.70e-05,16.15,17.5
1087,4.3842,,3.70e-05,16.06,17.5
1088,3.422,,3.70e-05,16.03,17.5
1089,3.6351,,3.70e-05,16.25,17.5
1090,3.6246,,3.69e-05,16.17,17.5
1091,4.1878,,3.69e-05,16.34,17.5
1092,4.4844,,3.69e-05,16.42,17.5
1093,3.979,,3.69e-05,16.33,17.5
1094,4.5094,,3.69e-05,16.23,17.5
1095,4.4387,,3.68e-05,16.32,17.5
1096,4.0951,,3.68e-05,16.29,17.5
1097,3.974,,3.68e-05,16.33,17.5
1098,3.6634,,3.68e-05,16.35,17.5
1099,4.3192,,3.67e-05,16.16,17.5
1100,3.302,,3.67e-05,16.18,17.5
1101,3.5444,,3.67e-05,16.37,17.5
1102,3.4861,,3.67e-05,16.45,17.5
1103,3.3905,,3.66e-05,16.37,17.5
1104,3.4928,,3.66e-05,16.46,17.5
1105,4.2319,,3.66e-05,16.23,17.5
1106,3.8903,,3.66e-05,16.12,17.5
1107,4.3437,,3.65e-05,16.1,17.5
1108,4.4241,,3.65e-05,16.21,17.5
1109,4.0304,,3.65e-05,16.12,17.5
1110,4.2136,,3.65e-05,16.2,17.5
1111,3.9535,,3.64e-05,16.09,17.5
1112,4.028,,3.64e-05,16.26,17.5
1113,3.6324,,3.64e-05,16.38,17.5
1114,3.886,,3.64e-05,16.39,17.5
1115,3.6759,,3.63e-05,16.37,17.5
1116,4.3281,,3.63e-05,16.25,17.5
1117,4.0428,,3.63e-05,16.22,17.5
1118,3.0879,,3.63e-05,16.3,17.5
1119,4.3707,,3.63e-05,16.06,17.5
1120,4.2324,,3.62e-05,16.32,17.5
1121,4.1967,,3.62e-05,16.22,17.5
1122,3.5874,,3.62e-05,16.12,17.5
1123,4.177,,3.62e-05,16.09,17.5
1124,3.7248,,3.61e-05,16.32,17.5
1125,3.8824,,3.61e-05,16.31,17.5
1126,3.7272,,3.61e-05,16.26,17.5
1127,4.1174,,3.61e-05,16.27,17.5
1128,4.0052,,3.60e-05,16.15,17.5
1129,4.2312,,3.60e-05,16.02,17.5
1130,4.3786,,3.60e-05,16.03,17.5
1131,3.7348,,3.60e-05,15.98,17.5
1132,3.6203,,3.59e-05,16.02,17.5
1133,4.2222,,3.59e-05,16.15,17.5
1134,4.1127,,3.59e-05,15.99,17.5
1135,3.981,,3.59e-05,15.97,17.5
1136,3.7832,,3.58e-05,16.24,17.5
1137,4.194,,3.58e-05,16.27,17.5
1138,4.1602,,3.58e-05,16.13,17.5
1139,4.7146,,3.58e-05,16.2,17.5
1140,4.3116,,3.57e-05,16.23,17.5
1141,3.0993,,3.57e-05,16.24,17.5
1142,4.0226,,3.57e-05,16.16,17.5
1143,3.4827,,3.57e-05,16.19,17.5
1144,3.8557,,3.56e-05,16.39,17.5
1145,4.2488,,3.56e-05,16.38,17.5
1146,4.3415,,3.56e-05,16.53,17.5
1147,4.1174,,3.56e-05,16.54,17.5
1148,4.2581,,3.55e-05,16.53,17.5
1149,4.3221,,3.55e-05,16.4,17.5
1150,4.0905,,3.55e-05,16.43,17.5
1151,3.3092,,3.55e-05,16.23,17.5
1152,3.8779,,3.54e-05,16.38,17.5
1153,3.7663,,3.54e-05,16.42,17.5
1154,4.5249,,3.54e-05,16.2,17.5
1155,4.2552,,3.54e-05,16.26,17.5
1156,3.7611,,3.53e-05,16.28,17.5
1157,3.7875,,3.53e-05,16.42,17.5
1158,3.8032,,3.53e-05,16.35,17.5
1159,3.1695,,3.53e-05,16.33,17.5
1160,4.4316,,3.53e-05,16.26,17.5
1161,4.2442,,3.52e-05,16.11,17.5
1162,3.5435,,3.52e-05,16.13,17.5
1163,3.6095,,3.52e-05,16.13,17.5
1164,3.2608,,3.52e-05,16.13,17.5
1165,3.622,,3.51e-05,16.09,17.5
1166,3.3454,,3.51e-05,16.04,17.5
1167,3.9244,,3.51e-05,16.22,17.5
1168,3.2219,,3.51e-05,16.25,17.5
1169,3.8902,,3.50e-05,16.22,17.5
1170,4.3322,,3.50e-05,16.26,17.5
1171,4.5118,,3.50e-05,16.07,17.5
1172,4.324,,3.50e-05,16.12,17.5
1173,2.9917,,3.49e-05,16.11,17.5
1174,4.2181,,3.49e-05,15.94,17.5
1175,4.4554,,3.49e-05,16.09,17.5
1176,3.877,,3.49e-05,16.07,17.5
1177,4.1142,,3.48e-05,16.04,17.5
1178,4.0532,,3.48e-05,16.06,17.5
1179,4.3456,,3.48e-05,16.31,17.5
1180,4.4104,,3.48e-05,16.25,17.5
1181,4.3794,,3.47e-05,16.16,17.5
1182,3.8835,,3.47e-05,16.11,17.5
1183,4.2995,,3.47e-05,16.0,17.5
1184,3.7189,,3.47e-05,16.12,17.5
1185,3.8738,,3.46e-05,16.06,17.5
1186,4.4679,,3.46e-05,16.02,17.5
1187,3.8415,,3.46e-05,16.06,17.5
1188,4.3213,,3.46e-05,16.15,17.5
1189,4.0555,,3.45e-05,16.34,17.5
1190,4.4042,,3.45e-05,16.32,17.5
1191,4.0352,,3.45e-05,16.19,17.5
1192,3.9191,,3.45e-05,16.2,17.5
1193,4.4855,,3.44e-05,16.17,17.5
1194,3.9189,,3.44e-05,16.17,17.5
1195,3.9713,,3.44e-05,16.17,17.5
1196,3.9748,,3.44e-05,16.15,17.5
1197,4.0559,,3.43e-05,16.08,17.5
1198,4.1963,,3.43e-05,16.2,17.5
1199,4.368,,3.43e-05,16.32,17.5
1200,3.472,,3.43e-05,16.32,17.5
1201,3.8472,,3.42e-05,16.34,17.5
1202,3.8092,,3.42e-05,16.23,17.5
1203,4.4265,,3.42e-05,16.12,17.5
1204,4.2606,,3.42e-05,16.22,17.5
1205,4.0631,,3.41e-05,16.11,17.5
1206,3.8307,,3.41e-05,16.21,17.5
1207,4.438,,3.41e-05,16.21,17.5
1208,4.4002,,3.41e-05,16.14,17.5
1209,4.6368,,3.40e-05,16.03,17.5
1210,4.5146,,3.40e-05,16.32,17.5
1211,3.9887,,3.40e-05,16.34,17.5
1212,4.0243,,3.40e-05,16.18,17.5
1213,4.5075,,3.39e-05,16.15,17.5
1214,4.2066,,3.39e-05,16.19,17.5
1215,3.9235,,3.39e-05,16.08,17.5
1216,3.4423,,3.38e-05,16.0,17.5
1217,4.4215,,3.38e-05,16.07,17.5
1218,4.4159,,3.38e-05,16.11,17.5
1219,4.3895,,3.38e-05,16.23,17.5
1220,3.6865,,3.37e-05,16.34,17.5
1221,4.2479,,3.37e-05,16.43,17.5
1222,4.5802,,3.37e-05,16.19,17.5
1223,4.1233,,3.37e-05,16.17,17.5
1224,3.8687,,3.36e-05,16.23,17.5
1225,3.657,,3.36e-05,16.1,17.5
1226,4.2738,,3.36e-05,16.17,17.5
1227,3.4674,,3.36e-05,16.32,17.5
1228,3.7192,,3.35e-05,16.07,17.5
1229,4.157,,3.35e-05,16.2,17.5
1230,4.115,,3.35e-05,16.36,17.5
1231,3.7382,,3.35e-05,16.37,17.5
1232,3.8704,,3.34e-05,16.19,17.5
1233,4.3442,,3.34e-05,16.16,17.5
1234,3.877,,3.34e-05,16.23,17.5
1235,4.4622,,3.34e-05,16.2,17.5
1236,4.2994,,3.33e-05,16.17,17.5
1237,4.0885,,3.33e-05,16.34,17.5
1238,4.0842,,3.33e-05,16.25,17.5
1239,4.4294,,3.33e-05,16.29,17.5
1240,4.208,,3.32e-05,16.19,17.5
1241,3.9883,,3.32e-05,16.44,17.5
1242,4.2399,,3.32e-05,16.53,17.5
1243,3.8413,,3.32e-05,16.42,17.5
1244,3.9798,,3.31e-05,16.26,17.5
1245,4.0793,,3.31e-05,16.14,17.5
1246,4.3272,,3.31e-05,16.12,17.5
1247,4.0276,,3.31e-05,16.13,17.5
1248,3.8266,,3.30e-05,16.0,17.5
1249,4.171,,3.30e-05,16.06,17.5
1250,3.6365,,3.30e-05,16.0,17.5
1250,,4.3346,3.30e-05,,14.43
1251,3.8468,,3.30e-05,15.43,17.48
1252,3.8155,,3.29e-05,15.29,17.48
1253,3.8811,,3.29e-05,15.2,17.48
1254,3.3386,,3.29e-05,15.29,17.48
1255,3.7251,,3.29e-05,15.33,17.48
1256,3.4529,,3.28e-05,15.37,17.48
1257,4.0664,,3.28e-05,15.43,17.48
1258,3.6656,,3.28e-05,15.53,17.48
1259,4.2339,,3.28e-05,15.57,17.48
1260,2.564,,3.27e-05,15.7,17.48
1261,4.1105,,3.27e-05,15.71,17.48
1262,3.9341,,3.27e-05,15.8,17.48
1263,4.2925,,3.26e-05,15.88,17.49
1264,4.5533,,3.26e-05,15.82,17.49
1265,4.1973,,3.26e-05,15.93,17.49
1266,3.8507,,3.26e-05,15.92,17.49
1267,3.2747,,3.25e-05,15.92,17.49
1268,4.5881,,3.25e-05,15.96,17.49
1269,4.0801,,3.25e-05,15.99,17.49
1270,4.4746,,3.25e-05,15.97,17.49
1271,4.0632,,3.24e-05,15.91,17.49
1272,4.0622,,3.24e-05,15.98,17.49
1273,3.301,,3.24e-05,15.93,17.49
1274,3.9964,,3.24e-05,15.98,17.49
1275,4.4121,,3.23e-05,15.97,17.49
1276,3.9045,,3.23e-05,16.01,17.49
1277,3.9355,,3.23e-05,16.04,17.49
1278,4.3455,,3.23e-05,16.0,17.49
1279,4.1461,,3.22e-05,16.04,17.49
1280,4.4095,,3.22e-05,15.96,17.49
1281,4.073,,3.22e-05,16.12,17.49
1282,4.0223,,3.22e-05,16.03,17.49
1283,4.2193,,3.21e-05,16.01,17.49
1284,3.7295,,3.21e-05,16.11,17.49
1285,4.0318,,3.21e-05,16.04,17.49
1286,4.4626,,3.21e-05,16.02,17.49
1287,3.8654,,3.20e-05,16.05,17.49
1288,3.8096,,3.20e-05,16.07,17.49
1289,4.0306,,3.20e-05,16.05,17.49
1290,3.4602,,3.19e-05,16.01,17.49
1291,3.7135,,3.19e-05,16.08,17.49
1292,4.1989,,3.19e-05,16.01,17.49
1293,4.2608,,3.19e-05,16.07,17.49
1294,3.5018,,3.18e-05,16.05,17.49
1295,3.8211,,3.18e-05,16.04,17.49
1296,4.347,,3.18e-05,16.13,17.49
1297,3.4642,,3.18e-05,16.04,17.49
1298,4.1643,,3.17e-05,16.1,17.49
1299,4.0491,,3.17e-05,16.02,17.49
1300,4.2557,,3.17e-05,16.13,17.49
1301,3.772,,3.17e-05,16.14,17.49
1302,4.1987,,3.16e-05,16.03,17.49
1303,3.1055,,3.16e-05,16.14,17.49
1304,3.8512,,3.16e-05,16.11,17.49
1305,3.4542,,3.16e-05,16.06,17.49
1306,3.6558,,3.15e-05,16.11,17.49
1307,4.1804,,3.15e-05,16.14,17.49
1308,4.1441,,3.15e-05,16.08,17.49
1309,3.7853,,3.15e-05,16.07,17.49
1310,4.1868,,3.14e-05,16.12,17.49
1311,4.5429,,3.14e-05,16.05,17.49
1312,4.1307,,3.14e-05,16.07,17.49
1313,4.5326,,3.13e-05,16.13,17.49
1314,4.3217,,3.13e-05,16.03,17.49
1315,4.0132,,3.13e-05,16.02,17.49
1316,3.5926,,3.13e-05,16.03,17.49
1317,4.3402,,3.12e-05,16.11,17.49
1318,3.6399,,3.12e-05,16.03,17.49
1319,3.3531,,3.12e-05,16.1,17.49
1320,3.7842,,3.12e-05,16.14,17.49
1321,4.3843,,3.11e-05,16.05,17.49
1322,3.7428,,3.11e-05,16.13,17.49
1323,4.3758,,3.11e-05,16.15,17.49
1324,4.0928,,3.11e-05,16.02,17.49
1325,4.0084,,3.10e-05,16.08,17.49
1326,3.7965,,3.10e-05,16.0,17.49
1327,3.0566,,3.10e-05,15.96,17.49
1328,2.806,,3.10e-05,15.96,17.49
1329,3.7045,,3.09e-05,15.96,17.5
1330,3.8733,,3.09e-05,15.9,17.5
1331,4.079,,3.09e-05,15.96,17.5
1332,3.5989,,3.08e-05,15.97,17.5
1333,4.3475,,3.08e-05,15.86,17.5
1334,4.3125,,3.08e-05,15.99,17.5
1335,3.6797,,3.08e-05,15.93,17.5
1336,3.3408,,3.07e-05,15.91,17.5
1337,4.3952,,3.07e-05,15.95,17.5
1338,3.9235,,3.07e-05,15.97,17.5
1339,3.4875,,3.07e-05,15.92,17.5
1340,3.666,,3.06e-05,15.95,17.5
1341,3.9563,,3.06e-05,16.0,17.5
1342,3.2506,,3.06e-05,15.94,17.5
1343,4.1684,,3.06e-05,16.02,17.5
1344,4.3808,,3.05e-05,16.02,17.5
1345,4.0926,,3.05e-05,15.97,17.5
1346,3.9049,,3.05e-05,16.09,17.5
1347,4.4741,,3.05e-05,16.0,17.5
1348,4.2946,,3.04e-05,16.02,17.5
1349,4.1807,,3.04e-05,15.98,17.5
1350,4.6911,,3.04e-05,16.02,17.5
1351,4.5679,,3.03e-05,15.95,17.5
1352,3.5642,,3.03e-05,15.97,17.5
1353,4.0958,,3.03e-05,16.07,17.5
1354,4.3175,,3.03e-05,16.01,17.5
1355,3.8973,,3.02e-05,15.97,17.5
1356,4.3433,,3.02e-05,15.99,17.5
1357,4.452,,3.02e-05,16.03,17.5
1358,4.0753,,3.02e-05,15.98,17.5
1359,3.9396,,3.01e-05,16.01,17.5
1360,3.7885,,3.01e-05,16.05,17.5
1361,4.2316,,3.01e-05,15.99,17.5
1362,3.9072,,3.01e-05,15.96,17.5
1363,4.3635,,3.00e-05,15.99,17.5
1364,4.2778,,3.00e-05,16.05,17.5
1365,3.3503,,3.00e-05,15.98,17.5
1366,4.1555,,3.00e-05,16.07,17.5
1367,3.6136,,2.99e-05,16.11,17.5
1368,4.1301,,2.99e-05,16.01,17.5
1369,4.1948,,2.99e-05,16.11,17.5
1370,4.6399,,2.98e-05,16.09,17.5
1371,3.8915,,2.98e-05,16.04,17.5
1372,3.5298,,2.98e-05,16.14,17.5
1373,4.2316,,2.98e-05,16.02,17.5
1374,3.9512,,2.97e-05,16.05,17.5
1375,3.8769,,2.97e-05,16.06,17.5
1376,4.2567,,2.97e-05,16.11,17.5
1377,3.8323,,2.97e-05,16.0,17.5
1378,4.1776,,2.96e-05,16.08,17.5
1379,4.1447,,2.96e-05,16.1,17.5
1380,3.3668,,2.96e-05,16.0,17.5
1381,3.6533,,2.96e-05,16.16,17.5
1382,3.8958,,2.95e-05,16.08,17.5
1383,4.7367,,2.95e-05,16.04,17.5
1384,3.9147,,2.95e-05,16.16,17.5
1385,3.8873,,2.94e-05,16.11,17.5
1386,3.0643,,2.94e-05,16.08,17.5
1387,4.4723,,2.94e-05,16.15,17.5
1388,3.1197,,2.94e-05,16.17,17.5
1389,4.134,,2.93e-05,16.17,17.5
1390,3.6575,,2.93e-05,16.09,17.5
1391,3.7094,,2.93e-05,16.14,17.5
1392,3.8175,,2.93e-05,16.11,17.5
1393,3.9497,,2.92e-05,16.06,17.5
1394,3.7924,,2.92e-05,16.09,17.5
1395,4.229,,2.92e-05,16.09,17.5
1396,4.4411,,2.92e-05,16.09,17.5
1397,3.5386,,2.91e-05,16.06,17.5
1398,4.483,,2.91e-05,16.07,17.5
1399,4.0049,,2.91e-05,16.02,17.5
1400,4.0995,,2.90e-05,15.97,17.5
1401,3.9274,,2.90e-05,16.01,17.5
1402,4.3971,,2.90e-05,15.93,17.5
1403,4.2731,,2.90e-05,15.87,17.5
1404,4.141,,2.89e-05,15.9,17.5
1405,3.7432,,2.89e-05,15.93,17.5
1406,3.9006,,2.89e-05,15.82,17.5
1407,4.5991,,2.89e-05,15.91,17.5
1408,3.9483,,2.88e-05,15.92,17.5
1409,4.3229,,2.88e-05,15.86,17.5
1410,3.5266,,2.88e-05,15.96,17.5
1411,4.312,,2.88e-05,15.91,17.5
1412,4.0669,,2.87e-05,15.89,17.5
1413,4.2799,,2.87e-05,15.93,17.5
1414,3.5829,,2.87e-05,15.97,17.5
1415,3.0552,,2.86e-05,15.86,17.5
1416,4.4203,,2.86e-05,15.95,17.5
1417,4.3289,,2.86e-05,16.0,17.5
1418,4.4137,,2.86e-05,15.87,17.5
1419,3.9118,,2.85e-05,16.0,17.5
1420,4.0084,,2.85e-05,16.03,17.5
1421,3.4589,,2.85e-05,16.01,17.5
1422,4.3659,,2.85e-05,16.02,17.5
1423,4.36,,2.84e-05,16.02,17.5
1424,4.2189,,2.84e-05,15.96,17.5
1425,4.052,,2.84e-05,15.96,17.5
1426,3.5473,,2.83e-05,16.0,17.5
1427,3.579,,2.83e-05,15.9,17.5
1428,4.1108,,2.83e-05,16.0,17.5
1429,3.4085,,2.83e-05,15.98,17.5
1430,3.8966,,2.82e-05,15.94,17.5
1431,3.4712,,2.82e-05,16.03,17.5
1432,3.5012,,2.82e-05,15.97,17.5
1433,3.8958,,2.82e-05,15.96,17.5
1434,4.4502,,2.81e-05,16.03,17.5
1435,3.6743,,2.81e-05,16.04,17.5
1436,4.2078,,2.81e-05,15.97,17.5
1437,4.243,,2.81e-05,16.05,17.5
1438,4.1813,,2.80e-05,16.03,17.5
1439,4.221,,2.80e-05,15.97,17.5
1440,4.1264,,2.80e-05,16.03,17.5
1441,4.1195,,2.79e-05,16.06,17.5
1442,4.0781,,2.79e-05,16.05,17.5
1443,3.6832,,2.79e-05,16.0,17.5
1444,4.0882,,2.79e-05,15.99,17.5
1445,3.9678,,2.78e-05,16.05,17.5
1446,3.9093,,2.78e-05,15.98,17.5
1447,3.8698,,2.78e-05,16.01,17.5
1448,4.2193,,2.78e-05,15.98,17.5
1449,4.2599,,2.77e-05,15.99,17.5
1450,3.8433,,2.77e-05,15.96,17.5
1451,4.5854,,2.77e-05,15.95,17.5
1452,4.026,,2.76e-05,16.0,17.5
1453,4.399,,2.76e-05,15.92,17.5
1454,4.3841,,2.76e-05,16.08,17.5
1455,3.8688,,2.76e-05,16.03,17.5
1456,3.9015,,2.75e-05,16.02,17.5
1457,4.278,,2.75e-05,16.11,17.5
1458,4.1393,,2.75e-05,16.07,17.5
1459,3.968,,2.75e-05,16.04,17.5
1460,4.3342,,2.74e-05,16.11,17.5
1461,4.3874,,2.74e-05,16.15,17.5
1462,4.0729,,2.74e-05,16.08,17.5
1463,4.3027,,2.74e-05,16.06,17.5
1464,3.9784,,2.73e-05,16.07,17.5
1465,4.3845,,2.73e-05,15.99,17.5
1466,4.2177,,2.73e-05,16.04,17.5
1467,4.2014,,2.72e-05,16.01,17.5
1468,4.1949,,2.72e-05,15.94,17.5
1469,4.4912,,2.72e-05,16.01,17.5
1470,4.6262,,2.72e-05,15.93,17.5
1471,3.4917,,2.71e-05,15.85,17.5
1472,3.9437,,2.71e-05,15.89,17.5
1473,4.555,,2.71e-05,15.89,17.5
1474,4.3965,,2.71e-05,15.81,17.5
1475,4.3918,,2.70e-05,15.85,17.5
1476,4.3882,,2.70e-05,15.89,17.5
1477,2.7709,,2.70e-05,15.77,17.5
1478,3.5815,,2.69e-05,15.9,17.5
1479,4.2804,,2.69e-05,15.84,17.5
1480,4.3701,,2.69e-05,15.81,17.5
1481,4.3202,,2.69e-05,15.86,17.5
1482,4.0805,,2.68e-05,15.88,17.5
1483,4.3586,,2.68e-05,15.83,17.5
1484,3.7595,,2.68e-05,15.92,17.5
1485,3.3125,,2.68e-05,15.96,17.5
1486,3.9228,,2.67e-05,15.82,17.5
1487,4.202,,2.67e-05,15.94,17.5
1488,4.1682,,2.67e-05,15.94,17.5
1489,4.0037,,2.67e-05,15.92,17.5
1490,3.4908,,2.66e-05,15.96,17.5
1491,4.4499,,2.66e-05,15.98,17.5
1492,3.9561,,2.66e-05,16.0,17.5
1493,3.0585,,2.65e-05,15.92,17.5
1494,3.9624,,2.65e-05,16.03,17.5
1495,4.1927,,2.65e-05,15.99,17.5
1496,4.1145,,2.65e-05,15.97,17.5
1497,4.2958,,2.64e-05,15.97,17.5
1498,3.6544,,2.64e-05,16.05,17.5
1499,4.216,,2.64e-05,15.99,17.5
1500,3.2363,,2.64e-05,15.95,17.5
1500,,4.331,2.64e-05,,14.41
1501,3.5691,,2.63e-05,15.47,16.46
1502,2.9966,,2.63e-05,15.38,16.46
1503,3.9093,,2.63e-05,15.33,16.46
1504,4.3119,,2.62e-05,15.32,16.46
1505,3.5702,,2.62e-05,15.4,16.46
1506,4.392,,2.62e-05,15.49,16.46
1507,3.79,,2.62e-05,15.44,16.46
1508,4.0687,,2.61e-05,15.63,16.46
1509,3.8821,,2.61e-05,15.71,16.46
1510,4.3053,,2.61e-05,15.73,16.46
1511,3.9654,,2.61e-05,15.83,16.47
1512,3.3673,,2.60e-05,15.87,16.47
1513,3.9548,,2.60e-05,15.9,16.48
1514,3.9933,,2.60e-05,15.91,16.48
1515,3.2577,,2.59e-05,15.97,16.48
1516,4.0591,,2.59e-05,15.9,16.48
1517,4.4408,,2.59e-05,15.97,16.48
1518,4.5455,,2.59e-05,15.96,16.48
1519,3.7889,,2.58e-05,15.94,16.48
1520,4.5286,,2.58e-05,16.09,16.48
1521,4.1801,,2.58e-05,15.98,16.48
1522,3.4068,,2.58e-05,16.0,16.48
1523,4.3831,,2.57e-05,16.06,16.48
1524,3.6051,,2.57e-05,16.12,16.48
1525,3.7675,,2.57e-05,15.98,16.48
1526,4.3709,,2.56e-05,16.09,16.48
1527,4.5728,,2.56e-05,16.15,16.48
1528,3.9506,,2.56e-05,15.97,16.48
1529,3.695,,2.56e-05,16.04,16.48
1530,3.9228,,2.55e-05,15.99,16.48
1531,4.3203,,2.55e-05,15.93,16.48
1532,3.1165,,2.55e-05,15.95,16.48
1533,4.1201,,2.55e-05,15.93,16.48
1534,4.2594,,2.54e-05,15.88,16.48
1535,3.5764,,2.54e-05,15.9,16.48
1536,3.3777,,2.54e-05,15.8,16.48
1537,3.4282,,2.54e-05,15.8,16.48
1538,4.3656,,2.53e-05,15.79,16.48
1539,3.5871,,2.53e-05,15.83,16.48
1540,4.2762,,2.53e-05,15.85,16.48
1541,4.6344,,2.52e-05,15.82,16.48
1542,4.2553,,2.52e-05,15.85,16.48
1543,3.9579,,2.52e-05,15.92,16.48
1544,3.4779,,2.52e-05,15.84,16.48
1545,3.6655,,2.51e-05,15.93,16.48
1546,3.1921,,2.51e-05,15.89,16.48
1547,3.6811,,2.51e-05,15.94,16.48
1548,4.2116,,2.51e-05,15.86,16.48
1549,4.2645,,2.50e-05,15.95,16.48
1550,3.9995,,2.50e-05,15.93,16.48
1551,3.8557,,2.50e-05,15.83,16.48
1552,4.1288,,2.49e-05,15.95,16.48
1553,4.1541,,2.49e-05,15.95,16.48
1554,4.2055,,2.49e-05,15.89,16.48
1555,4.326,,2.49e-05,15.91,16.49
1556,3.7944,,2.48e-05,15.96,16.5
1557,3.4099,,2.48e-05,15.92,16.5
1558,4.2283,,2.48e-05,15.92,16.5
1559,4.0587,,2.48e-05,15.96,16.5
1560,3.6175,,2.47e-05,15.87,16.5
1561,4.0468,,2.47e-05,15.98,16.5
1562,4.1681,,2.47e-05,15.98,16.51
1563,3.9072,,2.46e-05,15.89,16.51
1564,4.3053,,2.46e-05,16.0,16.51
1565,3.0844,,2.46e-05,15.91,16.51
1566,4.0847,,2.46e-05,15.93,16.51
1567,4.3144,,2.45e-05,15.95,16.51
1568,3.3505,,2.45e-05,15.98,16.51
1569,3.9022,,2.45e-05,15.87,16.51
1570,4.3583,,2.45e-05,15.97,16.51
1571,3.5865,,2.44e-05,16.04,16.51
1572,3.4714,,2.44e-05,15.88,16.51
1573,3.7676,,2.44e-05,16.0,16.51
1574,3.9907,,2.44e-05,15.94,16.51
1575,3.9098,,2.43e-05,15.9,16.51
1576,4.2452,,2.43e-05,15.98,16.51
1577,4.2473,,2.43e-05,15.97,16.51
1578,3.9895,,2.42e-05,15.93,16.51
1579,4.2145,,2.42e-05,15.93,16.51
1580,3.9894,,2.42e-05,15.98,16.51
1581,4.4883,,2.42e-05,15.94,16.51
1582,4.1066,,2.41e-05,16.02,16.51
1583,3.5573,,2.41e-05,16.01,16.51
1584,4.2039,,2.41e-05,16.01,16.51
1585,4.0578,,2.41e-05,16.11,16.51
1586,3.5374,,2.40e-05,16.02,16.51
1587,4.478,,2.40e-05,16.05,16.51
1588,4.1868,,2.40e-05,16.06,16.51
1589,4.6045,,2.39e-05,16.05,16.51
1590,4.434,,2.39e-05,15.98,16.51
1591,3.7779,,2.39e-05,16.01,16.51
1592,3.8898,,2.39e-05,16.0,16.51
1593,3.5883,,2.38e-05,15.94,16.51
1594,4.0483,,2.38e-05,15.97,16.51
1595,3.9863,,2.38e-05,15.96,16.51
1596,3.8937,,2.38e-05,15.99,16.51
1597,3.9268,,2.37e-05,15.88,16.51
1598,3.1898,,2.37e-05,15.87,16.51
1599,3.9365,,2.37e-05,15.94,16.51
1600,3.7622,,2.36e-05,15.82,16.51
1601,4.3184,,2.36e-05,15.8,16.51
1602,4.2244,,2.36e-05,15.81,16.51
1603,4.2421,,2.36e-05,15.82,16.51
1604,3.913,,2.35e-05,15.72,16.51
1605,3.9603,,2.35e-05,15.8,16.51
1606,3.6591,,2.35e-05,15.77,16.51
1607,3.7488,,2.35e-05,15.7,16.51
1608,3.7016,,2.34e-05,15.81,16.51
1609,4.1664,,2.34e-05,15.74,16.51
1610,3.4069,,2.34e-05,15.72,16.51
1611,3.5853,,2.33e-05,15.76,16.51
1612,3.7732,,2.33e-05,15.78,16.51
1613,3.7631,,2.33e-05,15.72,16.51
1614,3.859,,2.33e-05,15.81,16.51
1615,4.5339,,2.32e-05,15.77,16.51
1616,3.5516,,2.32e-05,15.77,16.51
1617,3.7933,,2.32e-05,15.87,16.51
1618,3.7964,,2.32e-05,15.79,16.51
1619,4.3895,,2.31e-05,15.78,16.51
1620,4.365,,2.31e-05,15.79,16.51
1621,3.7581,,2.31e-05,15.84,16.51
1622,4.2632,,2.31e-05,15.76,16.51
1623,3.4016,,2.30e-05,15.86,16.51
1624,3.6571,,2.30e-05,15.85,16.51
1625,3.2483,,2.30e-05,15.77,16.51
1626,3.9625,,2.29e-05,15.91,16.51
1627,3.7749,,2.29e-05,15.89,16.51
1628,3.7498,,2.29e-05,15.86,16.51
1629,4.4523,,2.29e-05,15.92,16.51
1630,4.0241,,2.28e-05,15.97,16.51
1631,3.8796,,2.28e-05,15.86,16.51
1632,3.5326,,2.28e-05,16.21,16.51
1633,4.3529,,2.28e-05,15.96,16.51
1634,4.1962,,2.27e-05,15.84,16.51
1635,2.2918,,2.27e-05,15.89,16.51
1636,3.7042,,2.27e-05,15.89,16.51
1637,3.6489,,2.26e-05,15.82,16.51
1638,4.1374,,2.26e-05,15.89,16.51
1639,4.0513,,2.26e-05,15.88,16.51
1640,4.102,,2.26e-05,15.87,16.51
1641,3.4586,,2.25e-05,15.88,16.51
1642,3.763,,2.25e-05,16.31,16.51
1643,3.3651,,2.25e-05,16.83,16.51
1644,4.0055,,2.25e-05,16.03,16.51
1645,4.1611,,2.24e-05,16.28,16.51
1646,3.9131,,2.24e-05,16.65,16.51
1647,3.9879,,2.24e-05,16.21,16.51
1648,3.9994,,2.24e-05,16.13,16.51
1649,4.1629,,2.23e-05,16.08,16.51
1650,4.5066,,2.23e-05,16.17,16.51
1651,3.7021,,2.23e-05,16.11,16.51
1652,4.2527,,2.22e-05,16.12,16.51
1653,3.936,,2.22e-05,16.15,16.51
1654,3.507,,2.22e-05,16.23,16.51
1655,3.327,,2.22e-05,16.12,16.51
1656,3.6278,,2.21e-05,16.22,16.51
1657,4.1077,,2.21e-05,16.12,16.51
1658,3.7554,,2.21e-05,16.11,16.51
1659,4.4956,,2.21e-05,16.16,16.51
1660,3.7224,,2.20e-05,16.03,16.51
1661,4.0002,,2.20e-05,16.11,16.51
1662,4.5227,,2.20e-05,16.1,16.51
1663,3.4644,,2.19e-05,15.97,16.51
1664,3.455,,2.19e-05,16.07,16.51
1665,3.9901,,2.19e-05,16.02,16.51
1666,4.3287,,2.19e-05,15.95,16.51
1667,4.2095,,2.18e-05,15.99,16.51
1668,2.8604,,2.18e-05,15.92,16.51
1669,3.8654,,2.18e-05,15.94,16.51
1670,4.2388,,2.18e-05,15.9,16.51
1671,3.899,,2.17e-05,15.92,16.51
1672,3.8509,,2.17e-05,15.83,16.51
1673,4.5755,,2.17e-05,15.93,16.51
1674,4.5395,,2.17e-05,15.87,16.51
1675,4.4417,,2.16e-05,15.84,16.51
1676,4.4387,,2.16e-05,15.92,16.51
1677,4.4041,,2.16e-05,15.87,16.51
1678,3.514,,2.15e-05,15.84,16.51
1679,4.4432,,2.15e-05,15.9,16.51
1680,3.9512,,2.15e-05,15.95,16.51
1681,4.2239,,2.15e-05,15.9,16.51
1682,4.4295,,2.14e-05,15.99,16.51
1683,3.1765,,2.14e-05,16.04,16.51
1684,3.6048,,2.14e-05,15.9,16.51
1685,4.0292,,2.14e-05,16.02,16.51
1686,2.9524,,2.13e-05,16.05,16.51
1687,3.8809,,2.13e-05,15.95,16.51
1688,4.0293,,2.13e-05,16.04,16.51
1689,3.9897,,2.12e-05,16.03,16.51
1690,3.7242,,2.12e-05,15.97,16.51
1691,3.4881,,2.12e-05,16.0,16.51
1692,3.5494,,2.12e-05,16.04,16.51
1693,3.8225,,2.11e-05,15.94,16.51
1694,4.3569,,2.11e-05,16.07,16.51
1695,3.5619,,2.11e-05,16.02,16.51
1696,3.6134,,2.11e-05,16.0,16.51
1697,3.9377,,2.10e-05,16.07,16.51
1698,4.0205,,2.10e-05,16.01,16.51
1699,3.7479,,2.10e-05,16.01,16.51
1700,4.316,,2.10e-05,16.07,16.51
1701,4.4382,,2.09e-05,16.07,16.51
1702,4.027,,2.09e-05,15.98,16.51
1703,2.9374,,2.09e-05,16.06,16.51
1704,4.0991,,2.08e-05,16.01,16.51
1705,4.0389,,2.08e-05,15.98,16.51
1706,3.7777,,2.08e-05,16.14,16.51
1707,4.4702,,2.08e-05,15.98,16.51
1708,3.4519,,2.07e-05,16.05,16.51
1709,4.0597,,2.07e-05,16.15,16.51
1710,3.4954,,2.07e-05,15.98,16.51
1711,4.1995,,2.07e-05,16.07,16.51
1712,4.1115,,2.06e-05,16.14,16.51
1713,3.7295,,2.06e-05,16.05,16.51
1714,3.6191,,2.06e-05,16.12,16.51
1715,3.6683,,2.06e-05,16.11,16.51
1716,3.8065,,2.05e-05,16.08,16.51
1717,3.8289,,2.05e-05,16.07,16.51
1718,3.4586,,2.05e-05,16.1,16.51
1719,3.8071,,2.04e-05,16.02,16.51
1720,4.0682,,2.04e-05,16.13,16.51
1721,4.0049,,2.04e-05,16.1,16.51
1722,4.0895,,2.04e-05,16.01,16.51
1723,3.7068,,2.03e-05,16.09,16.51
1724,3.6246,,2.03e-05,16.05,16.51
1725,4.2095,,2.03e-05,15.99,16.51
1726,4.1179,,2.03e-05,16.05,16.51
1727,3.715,,2.02e-05,16.0,16.51
1728,4.4479,,2.02e-05,15.96,16.51
1729,4.1992,,2.02e-05,15.97,16.51
1730,3.9524,,2.02e-05,15.96,16.51
1731,4.2213,,2.01e-05,15.89,16.51
1732,3.923,,2.01e-05,15.89,16.51
1733,4.3856,,2.01e-05,15.93,16.51
1734,4.2594,,2.00e-05,15.78,16.51
1735,3.6606,,2.00e-05,15.85,16.51
1736,4.1874,,2.00e-05,15.87,16.51
1737,4.2619,,2.00e-05,15.78,16.51
1738,4.4664,,1.99e-05,15.83,16.51
1739,3.4353,,1.99e-05,15.85,16.51
1740,4.083,,1.99e-05,15.75,16.51
1741,3.9842,,1.99e-05,15.85,16.51
1742,3.3348,,1.98e-05,15.88,16.51
1743,3.762,,1.98e-05,15.73,16.51
1744,4.284,,1.98e-05,15.84,16.51
1745,3.8145,,1.98e-05,15.83,16.51
1746,3.007,,1.97e-05,15.81,16.51
1747,4.5623,,1.97e-05,15.84,16.51
1748,4.4768,,1.97e-05,15.85,16.51
1749,4.1668,,1.97e-05,15.8,16.51
1750,3.8425,,1.96e-05,15.87,16.51
1750,,4.3286,1.96e-05,,14.43
1751,4.2883,,1.96e-05,15.6,16.48
1752,3.6319,,1.96e-05,15.2,16.48
1753,4.6272,,1.95e-05,15.24,16.48
1754,3.899,,1.95e-05,15.27,16.48
1755,4.1761,,1.95e-05,15.3,16.48
1756,3.9622,,1.95e-05,15.29,16.48
1757,4.0325,,1.94e-05,15.47,16.48
1758,4.3991,,1.94e-05,15.55,16.48
1759,3.7107,,1.94e-05,15.54,16.48
1760,4.3406,,1.94e-05,15.69,16.48
1761,4.3193,,1.93e-05,15.7,16.48
1762,3.8444,,1.93e-05,15.7,16.48
1763,4.0005,,1.93e-05,15.75,16.48
1764,3.8102,,1.93e-05,15.81,16.48
1765,3.2083,,1.92e-05,15.73,16.48
1766,3.7782,,1.92e-05,15.87,16.48
1767,4.2311,,1.92e-05,15.85,16.48
1768,4.3138,,1.92e-05,15.84,16.48
1769,3.9194,,1.91e-05,15.92,16.48
1770,3.6026,,1.91e-05,15.88,16.48
1771,3.5828,,1.91e-05,15.89,16.48
1772,3.5455,,1.90e-05,16.0,16.48
1773,4.1539,,1.90e-05,15.98,16.48
1774,4.0779,,1.90e-05,15.95,16.48
1775,3.8379,,1.90e-05,16.06,16.48
1776,3.8021,,1.89e-05,16.01,16.48
1777,4.0179,,1.89e-05,15.91,16.48
1778,3.4898,,1.89e-05,16.04,16.48
1779,4.032,,1.89e-05,15.99,16.48
1780,3.226,,1.88e-05,15.95,16.48
1781,4.1355,,1.88e-05,16.05,16.48
1782,4.332,,1.88e-05,15.97,16.48
1783,4.4873,,1.88e-05,15.97,16.48
1784,3.5919,,1.87e-05,15.99,16.48
1785,3.1286,,1.87e-05,15.93,16.48
1786,4.3552,,1.87e-05,15.88,16.48
1787,3.6976,,1.87e-05,15.99,16.48
1788,4.0876,,1.86e-05,15.83,16.48
1789,3.9707,,1.86e-05,15.84,16.48
1790,4.4308,,1.86e-05,15.98,16.48
1791,4.3336,,1.85e-05,15.78,16.48
1792,4.0283,,1.85e-05,15.84,16.48
1793,3.7364,,1.85e-05,15.9,16.48
1794,3.3013,,1.85e-05,16.29,16.48
1795,4.4749,,1.84e-05,16.12,16.48
1796,3.4927,,1.84e-05,15.96,16.48
1797,2.9952,,1.84e-05,15.89,16.48
1798,4.2289,,1.84e-05,15.84,16.48
1799,4.4194,,1.83e-05,16.03,16.48
1800,3.9686,,1.83e-05,15.88,16.48
1801,3.4708,,1.83e-05,15.89,16.48
1802,4.096,,1.83e-05,16.02,16.48
1803,4.0723,,1.82e-05,15.94,16.48
1804,4.1912,,1.82e-05,16.0,16.48
1805,3.6444,,1.82e-05,16.04,16.48
1806,4.3673,,1.82e-05,15.96,16.48
1807,3.4522,,1.81e-05,15.95,16.48
1808,4.0705,,1.81e-05,16.12,16.48
1809,4.3234,,1.81e-05,15.99,16.48
1810,4.1949,,1.81e-05,16.04,16.48
1811,4.5559,,1.80e-05,16.13,16.48
1812,3.9549,,1.80e-05,16.07,16.48
1813,4.1317,,1.80e-05,16.06,16.48
1814,3.7395,,1.79e-05,16.07,16.48
1815,3.3441,,1.79e-05,15.97,16.48
1816,3.9817,,1.79e-05,16.04,16.48
1817,4.3222,,1.79e-05,16.02,16.48
1818,4.0968,,1.78e-05,15.98,16.48
1819,4.3184,,1.78e-05,16.0,16.48
1820,3.5506,,1.78e-05,16.06,16.48
1821,3.5836,,1.78e-05,16.02,16.48
1822,3.6229,,1.77e-05,16.11,16.48
1823,3.9021,,1.77e-05,16.04,16.48
1824,4.467,,1.77e-05,15.89,16.48
1825,3.7443,,1.77e-05,15.96,16.48
1826,3.6037,,1.76e-05,15.86,16.48
1827,4.0985,,1.76e-05,15.78,16.48
1828,4.1821,,1.76e-05,15.77,16.48
1829,3.6028,,1.76e-05,15.73,16.48
1830,4.1303,,1.75e-05,15.63,16.48
1831,4.2897,,1.75e-05,15.64,16.48
1832,3.923,,1.75e-05,15.65,16.48
1833,4.1399,,1.75e-05,15.54,16.48
1834,3.9988,,1.74e-05,15.59,16.48
1835,3.9941,,1.74e-05,15.54,16.48
1836,4.0567,,1.74e-05,15.51,16.48
1837,3.7859,,1.74e-05,15.51,16.48
1838,4.0412,,1.73e-05,15.53,16.48
1839,3.6144,,1.73e-05,15.44,16.48
1840,3.3234,,1.73e-05,15.49,16.48
1841,4.0204,,1.72e-05,15.47,16.48
1842,3.4586,,1.72e-05,15.46,16.48
1843,4.0822,,1.72e-05,15.5,16.48
1844,4.4241,,1.72e-05,15.54,16.48
1845,4.1567,,1.71e-05,15.46,16.48
1846,3.8758,,1.71e-05,15.5,16.48
1847,4.1817,,1.71e-05,15.59,16.48
1848,4.0875,,1.71e-05,15.44,16.48
1849,3.9436,,1.70e-05,15.49,16.48
1850,4.5296,,1.70e-05,15.59,16.48
1851,3.2422,,1.70e-05,15.48,16.48
1852,4.3796,,1.70e-05,15.46,16.48
1853,3.6954,,1.69e-05,15.73,16.48
1854,3.954,,1.69e-05,15.48,16.48
1855,4.2098,,1.69e-05,15.51,16.48
1856,4.2005,,1.69e-05,15.61,16.48
1857,4.4697,,1.68e-05,15.55,16.48
1858,4.3398,,1.68e-05,15.48,16.48
1859,3.4796,,1.68e-05,15.68,16.48
1860,4.2606,,1.68e-05,15.54,16.5
1861,3.6295,,1.67e-05,15.55,16.5
1862,4.2001,,1.67e-05,15.67,16.5
1863,4.402,,1.67e-05,15.57,16.5
1864,3.1435,,1.67e-05,15.59,16.5
1865,3.7836,,1.66e-05,15.65,16.5
1866,3.7306,,1.66e-05,15.58,16.5
1867,4.727,,1.66e-05,15.58,16.5
1868,4.2157,,1.66e-05,15.73,16.5
1869,4.4949,,1.65e-05,15.62,16.5
1870,4.3504,,1.65e-05,15.59,16.5
1871,3.6136,,1.65e-05,15.73,16.5
1872,3.4612,,1.65e-05,15.64,16.5
1873,3.8918,,1.64e-05,15.62,16.5
1874,4.4516,,1.64e-05,15.77,16.5
1875,4.0445,,1.64e-05,15.64,16.5
1876,3.9254,,1.64e-05,15.63,16.5
1877,4.0471,,1.63e-05,15.77,16.5
1878,3.8782,,1.63e-05,15.65,16.5
1879,2.8716,,1.63e-05,15.65,16.5
1880,3.6435,,1.63e-05,15.74,16.5
1881,4.7465,,1.62e-05,15.73,16.5
1882,3.9162,,1.62e-05,15.67,16.5
1883,3.4048,,1.62e-05,15.77,16.5
1884,4.0935,,1.62e-05,15.69,16.5
1885,3.9577,,1.61e-05,23.35,16.5
1886,3.6621,,1.61e-05,323.56,16.5
1887,4.0662,,1.61e-05,57.42,16.5
1888,4.4862,,1.60e-05,572.76,16.5
1889,3.6259,,1.60e-05,13.58,16.5
1890,4.3938,,1.60e-05,13.61,16.5
1891,4.0315,,1.60e-05,14.12,16.5
1892,4.5437,,1.59e-05,14.9,16.5
1893,3.8272,,1.59e-05,14.73,16.5
1894,3.3139,,1.59e-05,14.55,16.5
1895,4.086,,1.59e-05,14.49,16.5
1896,3.3589,,1.58e-05,14.81,16.5
1897,4.3904,,1.58e-05,15.11,16.5
1898,3.8203,,1.58e-05,15.4,16.5
1899,4.0911,,1.58e-05,15.5,16.5
1900,2.899,,1.57e-05,15.58,16.5
1901,4.0979,,1.57e-05,16.78,16.5
1902,4.1752,,1.57e-05,15.8,16.5
1903,4.2154,,1.57e-05,16.9,16.5
1904,3.8059,,1.56e-05,16.48,16.5
1905,4.0935,,1.56e-05,17.12,16.5
1906,3.9419,,1.56e-05,16.23,16.5
1907,2.7227,,1.56e-05,15.82,16.5
1908,3.4643,,1.55e-05,17.21,16.5
1909,3.9408,,1.55e-05,17.12,16.5
1910,4.2688,,1.55e-05,16.49,16.5
1911,3.376,,1.55e-05,16.02,16.5
1912,4.3169,,1.54e-05,17.41,16.5
1913,4.1444,,1.54e-05,16.22,16.5
1914,4.4959,,1.54e-05,16.66,16.5
1915,4.1482,,1.54e-05,16.91,16.5
1916,3.4867,,1.53e-05,16.25,16.5
1917,4.0843,,1.53e-05,16.53,16.5
1918,4.2252,,1.53e-05,15.75,16.5
1919,4.2414,,1.53e-05,16.59,16.5
1920,3.4903,,1.52e-05,15.46,16.5
1921,4.1958,,1.52e-05,16.54,16.5
1922,4.1009,,1.52e-05,16.35,16.5
1923,4.0329,,1.52e-05,16.37,16.5
1924,3.9341,,1.51e-05,15.54,16.5
1925,4.266,,1.51e-05,15.32,16.5
1926,3.4561,,1.51e-05,15.49,16.5
1927,4.1752,,1.51e-05,15.52,16.5
1928,4.0441,,1.50e-05,15.4,16.5
1929,3.74,,1.50e-05,15.52,16.5
1930,3.5449,,1.50e-05,15.71,16.5
1931,4.6139,,1.50e-05,15.63,16.5
1932,3.843,,1.49e-05,15.7,16.5
1933,3.6846,,1.49e-05,15.74,16.5
1934,4.1159,,1.49e-05,15.74,16.5
1935,3.8893,,1.49e-05,15.74,16.5
1936,4.5623,,1.48e-05,15.73,16.5
1937,3.1058,,1.48e-05,15.67,16.5
1938,3.9968,,1.48e-05,15.73,16.5
1939,3.828,,1.48e-05,15.74,16.5
1940,3.6474,,1.47e-05,15.65,16.5
1941,4.2614,,1.47e-05,16.4,16.5
1942,4.4111,,1.47e-05,15.8,16.5
1943,3.8285,,1.47e-05,15.63,16.5
1944,2.8627,,1.47e-05,16.48,16.5
1945,4.3912,,1.46e-05,19.0,16.5
1946,4.183,,1.46e-05,18.41,16.5
1947,4.0127,,1.46e-05,18.18,16.5
1948,2.9706,,1.46e-05,18.31,16.5
1949,3.1195,,1.45e-05,18.23,16.5
1950,3.993,,1.45e-05,18.26,16.5
1951,4.1222,,1.45e-05,18.26,16.5
1952,4.4117,,1.45e-05,18.37,16.5
1953,4.1472,,1.44e-05,18.39,16.5
1954,4.2279,,1.44e-05,18.42,16.5
1955,3.9287,,1.44e-05,18.43,16.5
1956,4.0318,,1.44e-05,18.36,16.5
1957,3.8589,,1.43e-05,18.42,16.5
1958,3.5603,,1.43e-05,18.39,16.5
1959,3.9413,,1.43e-05,18.4,16.5
1960,4.3621,,1.43e-05,18.22,16.5
1961,3.5716,,1.42e-05,18.35,16.5
1962,4.0096,,1.42e-05,18.29,16.5
1963,4.3314,,1.42e-05,18.24,16.5
1964,4.1947,,1.42e-05,18.28,16.5
1965,4.0004,,1.41e-05,18.38,16.5
1966,4.4353,,1.41e-05,19.27,16.5
1967,4.0466,,1.41e-05,19.34,16.5
1968,3.7174,,1.41e-05,18.42,16.5
1969,4.6473,,1.40e-05,18.46,16.5
1970,4.0753,,1.40e-05,18.54,16.5
1971,4.3882,,1.40e-05,18.55,16.5
1972,3.9004,,1.40e-05,18.59,16.5
1973,4.4637,,1.39e-05,18.63,16.5
1974,4.5053,,1.39e-05,18.63,16.5
1975,4.0788,,1.39e-05,18.7,16.5
1976,3.4347,,1.39e-05,18.98,16.5
1977,3.8383,,1.38e-05,20.67,16.5
1978,4.0587,,1.38e-05,18.62,16.5
1979,4.3895,,1.38e-05,17.14,16.5
1980,3.5053,,1.38e-05,16.85,16.5
1981,4.2287,,1.37e-05,16.27,16.5
1982,4.2064,,1.37e-05,15.78,16.5
1983,4.4997,,1.37e-05,15.87,16.5
1984,4.068,,1.37e-05,15.9,16.5
1985,4.0021,,1.37e-05,15.81,16.5
1986,4.0081,,1.36e-05,15.9,16.5
1987,4.3302,,1.36e-05,15.88,16.5
1988,3.8033,,1.36e-05,15.88,16.5
1989,3.8221,,1.36e-05,15.87,16.5
1990,4.2057,,1.35e-05,15.86,16.5
1991,3.4565,,1.35e-05,15.79,16.5
1992,4.4417,,1.35e-05,15.94,16.5
1993,4.4896,,1.35e-05,16.21,16.5
1994,3.9745,,1.34e-05,15.8,16.5
1995,4.0445,,1.34e-05,15.93,16.5
1996,3.829,,1.34e-05,15.86,16.5
1997,4.5496,,1.34e-05,15.84,16.5
1998,3.6241,,1.33e-05,15.85,16.5
1999,3.8259,,1.33e-05,15.86,16.5
2000,4.1069,,1.33e-05,15.81,16.5
2000,,4.327,1.33e-05,,14.42
2001,4.0847,,1.33e-05,16.21,16.47
2002,3.872,,1.32e-05,15.5,16.47
2003,4.588,,1.32e-05,15.57,16.47
2004,4.4936,,1.32e-05,15.47,16.47
2005,4.355,,1.32e-05,15.59,16.47
2006,4.0218,,1.31e-05,15.6,16.48
2007,3.2673,,1.31e-05,15.73,16.48
2008,4.4434,,1.31e-05,15.73,16.48
2009,4.3906,,1.31e-05,15.78,16.48
2010,3.4814,,1.31e-05,15.87,16.49
2011,4.0924,,1.30e-05,15.88,16.49
2012,3.8778,,1.30e-05,15.89,16.49
2013,4.257,,1.30e-05,15.97,16.49
2014,4.4162,,1.30e-05,16.01,16.49
2015,4.2601,,1.29e-05,15.98,16.49
2016,4.1877,,1.29e-05,15.99,16.49
2017,3.2296,,1.29e-05,16.05,16.49
2018,3.3025,,1.29e-05,15.97,16.49
2019,3.1554,,1.28e-05,16.08,16.49
2020,4.0329,,1.28e-05,16.08,16.49
2021,3.8903,,1.28e-05,16.07,16.49
2022,3.7462,,1.28e-05,16.15,16.49
2023,4.1804,,1.27e-05,16.1,16.49
2024,3.6147,,1.27e-05,16.09,16.49
2025,4.4895,,1.27e-05,16.07,16.49
2026,3.361,,1.27e-05,16.17,16.49
2027,3.3038,,1.26e-05,16.12,16.49
2028,2.096,,1.26e-05,16.08,16.49
2029,4.7675,,1.26e-05,16.17,16.49
2030,4.0166,,1.26e-05,16.02,16.49
2031,4.2673,,1.26e-05,16.17,16.49
2032,3.4113,,1.25e-05,16.26,16.49
2033,3.9945,,1.25e-05,16.19,16.49
2034,3.7799,,1.25e-05,16.17,16.49
2035,4.4452,,1.25e-05,16.21,16.49
2036,4.2683,,1.24e-05,16.32,16.49
2037,3.903,,1.24e-05,16.21,16.49
2038,4.2896,,1.24e-05,16.26,16.49
2039,3.5067,,1.24e-05,16.24,16.49
2040,4.0548,,1.23e-05,16.14,16.49
2041,3.7888,,1.23e-05,16.24,16.49
2042,4.0979,,1.23e-05,16.23,16.5
2043,3.6557,,1.23e-05,16.16,16.5
2044,3.8322,,1.23e-05,16.28,16.5
2045,4.0907,,1.22e-05,16.21,16.5
2046,3.7947,,1.22e-05,16.22,16.5
2047,3.6541,,1.22e-05,16.23,16.5
2048,4.1556,,1.22e-05,16.31,16.5
2049,3.8081,,1.21e-05,16.25,16.5
2050,3.9375,,1.21e-05,16.29,16.5
2051,3.566,,1.21e-05,16.33,16.5
2052,3.4018,,1.21e-05,16.35,16.5
2053,2.8159,,1.20e-05,16.31,16.5
2054,3.9129,,1.20e-05,16.39,16.5
2055,4.0458,,1.20e-05,16.43,16.5
2056,4.091,,1.20e-05,16.37,16.5
2057,4.4752,,1.19e-05,16.47,16.5
2058,3.7265,,1.19e-05,16.4,16.5
2059,4.1031,,1.19e-05,16.38,16.5
2060,3.0882,,1.19e-05,16.41,16.5
2061,4.5029,,1.19e-05,16.42,16.5
2062,3.1607,,1.18e-05,16.41,16.5
2063,3.6549,,1.18e-05,16.35,16.5
2064,3.3575,,1.18e-05,16.39,16.5
2065,4.1284,,1.18e-05,16.33,16.5
2066,3.1913,,1.17e-05,16.3,16.5
2067,3.7852,,1.17e-05,17.07,16.5
2068,3.6747,,1.17e-05,17.34,16.5
2069,4.1682,,1.17e-05,17.89,16.5
2070,3.672,,1.17e-05,18.52,16.5
2071,3.2505,,1.16e-05,17.66,16.5
2072,3.7266,,1.16e-05,18.07,16.5
2073,4.0857,,1.16e-05,18.03,16.5
2074,4.2412,,1.16e-05,17.73,16.5
2075,3.9496,,1.15e-05,19.29,16.5
2076,4.0972,,1.15e-05,24.42,16.5
2077,4.1448,,1.15e-05,23.13,16.5
2078,4.069,,1.15e-05,22.93,16.5
2079,3.5663,,1.14e-05,23.09,16.5
2080,3.2357,,1.14e-05,23.26,16.5
2081,3.9564,,1.14e-05,22.22,16.5
2082,4.4053,,1.14e-05,20.5,16.5
2083,3.4528,,1.14e-05,20.56,16.5
2084,3.4146,,1.13e-05,21.54,16.5
2085,3.3441,,1.13e-05,24.32,16.5
2086,4.5125,,1.13e-05,22.83,16.5
2087,4.0791,,1.13e-05,21.94,16.5
2088,2.8556,,1.12e-05,20.44,16.5
2089,3.7581,,1.12e-05,20.37,16.5
2090,3.9258,,1.12e-05,20.39,16.5
2091,4.5073,,1.12e-05,20.45,16.5
2092,4.258,,1.12e-05,20.48,16.5
2093,4.075,,1.11e-05,20.48,16.5
2094,3.9923,,1.11e-05,22.67,16.5
2095,3.8454,,1.11e-05,23.63,16.5
2096,4.0854,,1.11e-05,19.37,16.5
2097,3.9946,,1.10e-05,17.04,16.5
2098,4.4661,,1.10e-05,17.74,16.5
2099,3.5674,,1.10e-05,16.9,16.5
2100,4.5411,,1.10e-05,16.8,16.5
2101,3.972,,1.09e-05,20.46,16.5
2102,4.07,,1.09e-05,25.24,16.5
2103,3.9666,,1.09e-05,25.03,16.5
2104,3.5784,,1.09e-05,25.07,16.5
2105,3.0602,,1.09e-05,24.97,16.5
2106,3.7419,,1.08e-05,24.96,16.5
2107,3.8757,,1.08e-05,25.42,16.5
2108,4.4566,,1.08e-05,24.91,16.5
2109,4.327,,1.08e-05,25.59,16.5
2110,3.1699,,1.07e-05,25.39,16.5
2111,4.3362,,1.07e-05,25.38,16.5
2112,3.3408,,1.07e-05,2009.63,16.5
2113,3.4623,,1.07e-05,4136.05,16.5
2114,4.4514,,1.07e-05,26.17,16.5
2115,3.9537,,1.06e-05,25.45,16.5
2116,3.7896,,1.06e-05,29.32,16.5
2117,4.2748,,1.06e-05,27.37,16.5
2118,3.1268,,1.06e-05,27.23,16.5
2119,3.9688,,1.05e-05,27.19,16.5
2120,4.081,,1.05e-05,27.51,16.5
2121,4.3094,,1.05e-05,27.88,16.5
2122,3.5939,,1.05e-05,29.53,16.5
2123,4.0638,,1.05e-05,29.73,16.5
2124,4.6855,,1.04e-05,29.21,16.5
2125,4.1862,,1.04e-05,14.84,16.5
2126,4.0685,,1.04e-05,16.36,16.5
2127,3.6623,,1.04e-05,14.93,16.5
2128,4.0078,,1.03e-05,15.23,16.5
2129,3.5502,,1.03e-05,15.7,16.5
2130,4.4813,,1.03e-05,16.92,16.5
2131,4.1074,,1.03e-05,17.95,16.5
2132,3.9085,,1.03e-05,18.46,16.5
2133,4.0393,,1.02e-05,18.76,16.5
2134,4.4469,,1.02e-05,18.49,16.5
2135,3.7198,,1.02e-05,18.25,16.5
2136,4.4532,,1.02e-05,18.38,16.5
2137,4.2049,,1.02e-05,18.05,16.5
2138,3.7719,,1.01e-05,18.13,16.5
2139,4.0408,,1.01e-05,18.09,16.5
2140,3.6077,,1.01e-05,17.97,16.5
2141,3.9907,,1.01e-05,18.22,16.5
2142,4.5423,,1.00e-05,18.03,16.5
2143,3.7696,,1.00e-05,18.24,16.5
2144,3.5617,,1.00e-05,18.49,16.5
2145,3.81,,9.98e-06,18.44,16.5
2146,3.1951,,9.96e-06,18.88,16.5
2147,3.7741,,9.94e-06,18.56,16.5
2148,2.8482,,9.91e-06,18.99,16.5
2149,3.6726,,9.89e-06,19.0,16.5
2150,4.1518,,9.87e-06,19.08,16.5
2151,4.238,,9.85e-06,19.31,16.5
2152,3.4333,,9.83e-06,19.1,16.5
2153,3.742,,9.81e-06,19.27,16.5
2154,3.7594,,9.78e-06,19.34,16.5
2155,4.5535,,9.76e-06,19.46,16.5
2156,4.1978,,9.74e-06,19.49,16.5
2157,4.0771,,9.72e-06,19.08,16.5
2158,3.8915,,9.70e-06,19.14,16.5
2159,3.7395,,9.68e-06,19.97,16.5
2160,4.2351,,9.66e-06,19.88,16.5
2161,2.6486,,9.63e-06,20.33,16.5
2162,3.3106,,9.61e-06,20.31,16.5
2163,3.6709,,9.59e-06,20.55,16.5
2164,3.9232,,9.57e-06,20.43,16.5
2165,4.0538,,9.55e-06,20.65,16.5
2166,3.8261,,9.53e-06,20.64,16.5
2167,4.3538,,9.51e-06,20.75,16.5
2168,4.1848,,9.49e-06,20.88,16.5
2169,3.1725,,9.46e-06,21.23,16.5
2170,4.4573,,9.44e-06,21.19,16.5
2171,4.1654,,9.42e-06,21.0,16.5
2172,4.0927,,9.40e-06,21.33,16.5
2173,3.9218,,9.38e-06,21.3,16.5
2174,3.8207,,9.36e-06,21.56,16.5
2175,4.4461,,9.34e-06,21.38,16.5
2176,3.6375,,9.32e-06,21.54,16.5
2177,3.3967,,9.30e-06,21.62,16.5
2178,4.0106,,9.27e-06,21.56,16.5
2179,3.2331,,9.25e-06,20.15,16.5
2180,3.2831,,9.23e-06,19.27,16.5
2181,3.6745,,9.21e-06,19.36,16.5
2182,3.4551,,9.19e-06,18.97,16.5
2183,3.2822,,9.17e-06,19.2,16.5
2184,4.3343,,9.15e-06,19.4,16.5
2185,3.5653,,9.13e-06,19.29,16.5
2186,4.4239,,9.11e-06,18.99,16.5
2187,3.906,,9.09e-06,18.65,16.5
2188,4.1807,,9.06e-06,18.68,16.5
2189,3.3547,,9.04e-06,18.78,16.5
2190,3.8581,,9.02e-06,18.81,16.5
2191,4.2857,,9.00e-06,19.02,16.5
2192,4.2857,,8.98e-06,18.89,16.5
2193,4.2016,,8.96e-06,19.08,16.5
2194,3.7964,,8.94e-06,19.1,16.5
2195,3.5732,,8.92e-06,19.04,16.5
2196,3.2875,,8.90e-06,19.34,16.5
2197,4.0712,,8.88e-06,19.29,16.5
2198,4.3957,,8.86e-06,19.55,16.5
2199,4.5485,,8.84e-06,19.42,16.5
2200,4.4995,,8.82e-06,19.6,16.5
2201,3.935,,8.79e-06,19.72,16.5
2202,4.1598,,8.77e-06,19.65,16.5
2203,4.5833,,8.75e-06,19.89,16.5
2204,4.3993,,8.73e-06,19.71,16.5
2205,3.7795,,8.71e-06,19.66,16.5
2206,3.0686,,8.69e-06,19.75,16.5
2207,4.012,,8.67e-06,19.62,16.5
2208,4.2388,,8.65e-06,19.72,16.5
2209,4.1649,,8.63e-06,19.57,16.5
2210,4.5194,,8.61e-06,19.61,16.5
2211,4.4122,,8.59e-06,19.49,16.5
2212,3.4901,,8.57e-06,19.66,16.5
2213,3.1701,,8.55e-06,19.65,16.5
2214,3.365,,8.53e-06,19.58,16.5
2215,4.1117,,8.51e-06,19.86,16.5
2216,3.8014,,8.49e-06,19.98,16.5
2217,3.6097,,8.47e-06,19.99,16.5
2218,4.0762,,8.45e-06,19.96,16.5
2219,3.7337,,8.43e-06,20.08,16.5
2220,3.043,,8.41e-06,20.18,16.5
2221,4.2846,,8.39e-06,20.26,16.5
2222,4.1274,,8.37e-06,20.36,16.5
2223,3.5435,,8.35e-06,20.29,16.5
2224,4.1187,,8.33e-06,20.66,16.5
2225,4.1164,,8.31e-06,20.52,16.5
2226,3.5426,,8.29e-06,20.55,16.5
2227,4.1926,,8.27e-06,20.71,16.5
2228,4.1919,,8.24e-06,20.75,16.5
2229,4.3186,,8.22e-06,20.83,16.5
2230,4.2731,,8.20e-06,20.8,16.5
2231,4.06,,8.18e-06,21.04,16.5
2232,3.6221,,8.16e-06,20.96,16.5
2233,4.102,,8.14e-06,20.99,16.5
2234,3.6785,,8.12e-06,21.09,16.5
2235,4.318,,8.10e-06,21.11,16.5
2236,3.1445,,8.08e-06,21.27,16.5
2237,4.1214,,8.06e-06,21.05,16.5
2238,4.3678,,8.04e-06,21.08,16.5
2239,4.1552,,8.03e-06,20.92,16.5
2240,4.0064,,8.01e-06,20.72,16.5
2241,4.3338,,7.99e-06,20.65,16.5
2242,4.1135,,7.97e-06,20.5,16.5
2243,3.7373,,7.95e-06,20.4,16.5
2244,4.1506,,7.93e-06,20.48,16.5
2245,3.4781,,7.91e-06,20.41,16.5
2246,3.8372,,7.89e-06,20.35,16.5
2247,4.0956,,7.87e-06,20.38,16.5
2248,3.453,,7.85e-06,20.37,16.5
2249,3.5677,,7.83e-06,20.42,16.5
2250,4.1446,,7.81e-06,20.64,16.5
2250,,4.3251,7.81e-06,,14.42
2251,4.4279,,7.79e-06,20.84,16.47
2252,3.7422,,7.77e-06,20.47,16.47
2253,3.8249,,7.75e-06,20.58,16.47
2254,3.3944,,7.73e-06,20.73,16.47
2255,3.8163,,7.71e-06,20.76,16.47
2256,3.5024,,7.69e-06,21.05,16.48
2257,4.5428,,7.67e-06,20.99,16.48
2258,4.3551,,7.65e-06,21.23,16.49
2259,3.7795,,7.63e-06,21.23,16.5
2260,3.8807,,7.61e-06,21.26,16.5
2261,4.0412,,7.59e-06,21.31,16.5
2262,3.2375,,7.57e-06,21.5,16.5
2263,3.2833,,7.55e-06,21.5,16.5
2264,3.5086,,7.53e-06,21.39,16.5
2265,4.53,,7.51e-06,21.44,16.5
2266,4.1999,,7.50e-06,21.39,16.5
2267,4.3165,,7.48e-06,21.11,16.5
2268,3.7728,,7.46e-06,20.98,16.51
2269,4.0371,,7.44e-06,20.86,16.52
2270,3.6352,,7.42e-06,20.7,16.52
2271,4.4878,,7.40e-06,21.66,16.52
2272,3.3359,,7.38e-06,21.58,16.52
2273,3.3399,,7.36e-06,20.61,16.52
2274,3.5043,,7.34e-06,20.66,16.52
2275,3.6167,,7.32e-06,20.68,16.52
2276,3.9414,,7.30e-06,20.83,16.52
2277,4.0358,,7.28e-06,20.77,16.52
2278,4.2901,,7.26e-06,20.8,16.52
2279,4.5088,,7.25e-06,20.83,16.52
2280,2.945,,7.23e-06,20.84,16.52
2281,3.6952,,7.21e-06,20.92,16.52
2282,3.2279,,7.19e-06,20.97,16.52
2283,4.4552,,7.17e-06,20.96,16.52
2284,3.8782,,7.15e-06,21.02,16.52
2285,4.3364,,7.13e-06,20.49,16.52
2286,3.4404,,7.11e-06,20.01,16.52
2287,4.3854,,7.09e-06,19.98,16.52
2288,4.0086,,7.08e-06,19.95,16.52
2289,4.3404,,7.06e-06,19.97,16.52
2290,3.188,,7.04e-06,20.19,16.52
2291,4.0428,,7.02e-06,20.21,16.52
2292,3.9191,,7.00e-06,20.24,16.52
2293,3.6947,,6.98e-06,20.18,16.52
2294,4.4406,,6.96e-06,20.27,16.52
2295,4.3401,,6.94e-06,20.4,16.52
2296,4.119,,6.92e-06,20.32,16.52
2297,4.2644,,6.91e-06,20.46,16.52
2298,3.9139,,6.89e-06,20.26,16.52
2299,4.437,,6.87e-06,20.21,16.52
2300,2.7832,,6.85e-06,20.17,16.52
2301,3.7889,,6.83e-06,19.96,16.52
2302,4.0679,,6.81e-06,19.97,16.52
2303,3.6254,,6.79e-06,19.78,16.52
2304,4.3007,,6.78e-06,19.83,16.52
2305,3.7578,,6.76e-06,19.61,16.52
2306,3.776,,6.74e-06,19.75,16.52
2307,3.9079,,6.72e-06,19.64,16.52
2308,3.8088,,6.70e-06,19.69,16.52
2309,3.1988,,6.68e-06,19.65,16.52
2310,4.1989,,6.66e-06,19.72,16.52
2311,3.8994,,6.65e-06,19.85,16.52
2312,3.8818,,6.63e-06,19.88,16.52
2313,4.2332,,6.61e-06,19.95,16.52
2314,3.3868,,6.59e-06,19.91,16.52
2315,4.4058,,6.57e-06,19.91,16.52
2316,4.125,,6.55e-06,20.03,16.52
2317,4.3072,,6.54e-06,20.01,16.52
2318,4.243,,6.52e-06,20.15,16.52
2319,3.9681,,6.50e-06,20.08,16.52
2320,3.8113,,6.48e-06,20.14,16.52
2321,4.0133,,6.46e-06,20.25,16.52
2322,4.2634,,6.45e-06,20.35,16.52
2323,3.7872,,6.43e-06,20.46,16.52
2324,3.2661,,6.41e-06,20.41,16.52
2325,3.1602,,6.39e-06,20.41,16.52
2326,3.9199,,6.37e-06,20.3,16.52
2327,4.2067,,6.36e-06,20.49,16.52
2328,4.5,,6.34e-06,20.5,16.52
2329,4.4552,,6.32e-06,20.64,16.52
2330,3.9846,,6.30e-06,20.66,16.52
2331,3.4513,,6.28e-06,20.56,16.52
2332,4.3635,,6.27e-06,20.68,16.52
2333,3.9281,,6.25e-06,20.47,16.52
2334,3.7612,,6.23e-06,21.01,16.52
2335,3.9163,,6.21e-06,21.56,16.52
2336,4.2004,,6.19e-06,20.47,16.52
2337,4.4572,,6.18e-06,20.1,16.52
2338,3.9329,,6.16e-06,19.95,16.52
2339,4.0751,,6.14e-06,20.04,16.52
2340,3.3214,,6.12e-06,19.95,16.52
2341,4.2166,,6.10e-06,20.14,16.52
2342,3.5687,,6.09e-06,20.1,16.52
2343,3.397,,6.07e-06,20.12,16.52
2344,4.449,,6.05e-06,20.17,16.52
2345,3.6083,,6.03e-06,20.13,16.52
2346,4.2042,,6.02e-06,20.33,16.52
2347,4.1545,,6.00e-06,20.22,16.52
2348,4.107,,5.98e-06,20.26,16.52
2349,3.9963,,5.96e-06,20.34,16.52
2350,3.4513,,5.95e-06,20.49,16.52
2351,4.1561,,5.93e-06,20.58,16.52
2352,4.0605,,5.91e-06,20.52,16.52
2353,3.9428,,5.89e-06,20.59,16.52
2354,3.5932,,5.88e-06,20.11,16.52
2355,3.1706,,5.86e-06,19.88,16.52
2356,3.68,,5.84e-06,19.9,16.52
2357,3.4534,,5.82e-06,19.9,16.52
2358,4.5115,,5.81e-06,19.94,16.52
2359,3.9843,,5.79e-06,19.88,16.52
2360,3.6184,,5.77e-06,20.2,16.52
2361,3.728,,5.75e-06,20.1,16.52
2362,4.0321,,5.74e-06,20.42,16.52
2363,4.6237,,5.72e-06,21.1,16.52
2364,4.0925,,5.70e-06,20.39,16.52
2365,4.5733,,5.69e-06,20.44,16.52
2366,3.275,,5.67e-06,20.57,16.52
2367,4.4384,,5.65e-06,20.44,16.52
2368,4.1983,,5.63e-06,20.46,16.52
2369,4.111,,5.62e-06,20.4,16.52
2370,4.0042,,5.60e-06,20.33,16.52
2371,4.0043,,5.58e-06,20.27,16.52
2372,3.8418,,5.57e-06,20.1,16.52
2373,3.1101,,5.55e-06,20.02,16.52
2374,4.4483,,5.53e-06,19.87,16.52
2375,3.7758,,5.51e-06,19.67,16.52
2376,4.1031,,5.50e-06,19.65,16.52
2377,4.0254,,5.48e-06,19.61,16.52
2378,4.3255,,5.46e-06,19.53,16.52
2379,4.2193,,5.45e-06,19.51,16.52
2380,4.1068,,5.43e-06,19.48,16.52
2381,3.2924,,5.41e-06,19.58,16.52
2382,3.9085,,5.40e-06,19.59,16.52
2383,4.4585,,5.38e-06,19.72,16.52
2384,4.1903,,5.36e-06,19.67,16.52
2385,3.8882,,5.35e-06,19.73,16.52
2386,4.1957,,5.33e-06,19.81,16.52
2387,4.1031,,5.31e-06,19.82,16.52
2388,3.8254,,5.30e-06,19.96,16.52
2389,3.7938,,5.28e-06,19.85,16.52
2390,2.6192,,5.26e-06,19.98,16.52
2391,3.9744,,5.25e-06,19.98,16.52
2392,4.1387,,5.23e-06,20.06,16.52
2393,3.7432,,5.21e-06,20.03,16.52
2394,4.1056,,5.20e-06,20.12,16.52
2395,4.4298,,5.18e-06,20.12,16.52
2396,3.6838,,5.16e-06,20.11,16.52
2397,4.142,,5.15e-06,20.22,16.52
2398,4.2636,,5.13e-06,20.36,16.52
2399,3.6416,,5.11e-06,20.22,16.52
2400,3.1975,,5.10e-06,20.33,16.52
2401,3.2071,,5.08e-06,20.36,16.52
2402,3.7569,,5.06e-06,20.33,16.52
2403,4.1709,,5.05e-06,20.43,16.52
2404,3.409,,5.03e-06,20.46,16.52
2405,4.1137,,5.02e-06,20.39,16.52
2406,3.4398,,5.00e-06,20.5,16.52
2407,3.9171,,4.98e-06,20.4,16.52
2408,4.0359,,4.97e-06,20.35,16.52
2409,3.8632,,4.95e-06,20.48,16.52
2410,3.8806,,4.93e-06,20.42,16.52
2411,4.4293,,4.92e-06,20.57,16.52
2412,3.7036,,4.90e-06,20.41,16.52
2413,3.9343,,4.89e-06,20.44,16.52
2414,4.3074,,4.87e-06,20.3,16.52
2415,3.9053,,4.85e-06,20.18,16.52
2416,3.8411,,4.84e-06,20.07,16.52
2417,3.1266,,4.82e-06,19.83,16.52
2418,4.0684,,4.81e-06,19.81,16.52
2419,4.1792,,4.79e-06,19.7,16.52
2420,4.2437,,4.77e-06,19.57,16.52
2421,4.2768,,4.76e-06,19.48,16.52
2422,4.4319,,4.74e-06,19.49,16.52
2423,4.1985,,4.73e-06,19.57,16.52
2424,3.8499,,4.71e-06,19.57,16.52
2425,3.5833,,4.70e-06,19.67,16.52
2426,3.878,,4.68e-06,19.75,16.52
2427,4.0912,,4.66e-06,19.73,16.52
2428,4.2329,,4.65e-06,19.98,16.52
2429,4.2107,,4.63e-06,19.87,16.52
2430,3.7609,,4.62e-06,20.02,16.52
2431,4.1075,,4.60e-06,20.02,16.52
2432,4.3905,,4.59e-06,20.1,16.52
2433,4.0909,,4.57e-06,20.06,16.52
2434,2.7398,,4.55e-06,20.32,16.52
2435,3.5661,,4.54e-06,20.16,16.52
2436,3.0278,,4.52e-06,20.1,16.52
2437,3.6403,,4.51e-06,20.13,16.52
2438,3.4867,,4.49e-06,20.2,16.52
2439,3.9449,,4.48e-06,20.15,16.52
2440,2.7858,,4.46e-06,20.15,16.52
2441,4.2576,,4.45e-06,20.16,16.52
2442,3.5543,,4.43e-06,20.34,16.52
2443,4.0319,,4.41e-06,20.34,16.52
2444,3.6195,,4.40e-06,20.23,16.52
2445,3.975,,4.38e-06,20.36,16.52
2446,3.7829,,4.37e-06,20.31,16.52
2447,3.7232,,4.35e-06,18.83,16.52
2448,4.3684,,4.34e-06,18.72,16.52
2449,3.9411,,4.32e-06,18.94,16.52
2450,4.287,,4.31e-06,18.62,16.52
2451,4.2567,,4.29e-06,18.81,16.52
2452,4.5399,,4.28e-06,18.74,16.52
2453,3.8767,,4.26e-06,18.72,16.52
2454,2.7318,,4.25e-06,18.95,16.52
2455,3.8338,,4.23e-06,18.91,16.52
2456,3.917,,4.22e-06,20.09,16.52
2457,4.052,,4.20e-06,19.89,16.52
2458,3.3509,,4.19e-06,19.6,16.52
2459,4.3101,,4.17e-06,19.19,16.52
2460,4.0509,,4.16e-06,19.17,16.52
2461,3.7116,,4.14e-06,19.43,16.52
2462,4.1275,,4.13e-06,19.37,16.52
2463,2.9382,,4.11e-06,19.38,16.52
2464,4.3681,,4.10e-06,19.37,16.52
2465,4.4013,,4.08e-06,19.41,16.52
2466,3.6215,,4.07e-06,19.5,16.52
2467,3.9789,,4.05e-06,19.48,16.52
2468,3.4021,,4.04e-06,19.56,16.52
2469,3.847,,4.02e-06,19.47,16.52
2470,3.4969,,4.01e-06,19.54,16.52
2471,3.364,,3.99e-06,19.73,16.52
2472,4.3177,,3.98e-06,19.67,16.52
2473,4.3275,,3.96e-06,19.8,16.52
2474,4.2378,,3.95e-06,19.73,16.52
2475,4.3352,,3.94e-06,19.75,16.52
2476,4.0035,,3.92e-06,19.81,16.52
2477,3.4933,,3.91e-06,19.89,16.52
2478,3.7402,,3.89e-06,19.82,16.52
2479,3.2863,,3.88e-06,19.74,16.52
2480,3.9391,,3.86e-06,19.97,16.52
2481,4.3622,,3.85e-06,19.78,16.52
2482,3.4504,,3.83e-06,19.75,16.52
2483,4.2467,,3.82e-06,19.91,16.52
2484,3.7866,,3.81e-06,19.61,16.52
2485,3.2594,,3.79e-06,19.62,16.52
2486,3.8244,,3.78e-06,19.67,16.52
2487,4.0867,,3.76e-06,19.41,16.52
2488,4.2754,,3.75e-06,19.17,16.52
2489,3.5599,,3.73e-06,19.14,16.52
2490,3.4625,,3.72e-06,19.15,16.52
2491,3.9155,,3.71e-06,19.0,16.52
2492,3.7171,,3.69e-06,19.15,16.52
2493,3.7995,,3.68e-06,18.97,16.52
2494,4.1018,,3.66e-06,18.99,16.52
2495,4.0603,,3.65e-06,19.14,16.52
2496,4.1325,,3.63e-06,19.01,16.52
2497,3.4757,,3.62e-06,19.13,16.52
2498,2.5806,,3.61e-06,19.09,16.52
2499,3.3679,,3.59e-06,19.05,16.52
2500,3.9429,,3.58e-06,19.32,16.52
2500,,4.3248,3.58e-06,,14.45
2501,4.0345,,3.56e-06,19.37,16.5
2502,3.9772,,3.55e-06,19.3,16.5
2503,4.1048,,3.54e-06,19.1,16.5
2504,4.1028,,3.52e-06,19.31,16.5
2505,3.658,,3.51e-06,19.22,16.5
2506,3.7434,,3.50e-06,19.2,16.5
2507,4.1775,,3.48e-06,19.48,16.5
2508,3.765,,3.47e-06,19.37,16.5
2509,3.9316,,3.45e-06,19.6,16.5
2510,3.9796,,3.44e-06,19.35,16.5
2511,4.0337,,3.43e-06,19.38,16.5
2512,4.3467,,3.41e-06,19.62,16.5
2513,4.1118,,3.40e-06,19.52,16.5
2514,4.3298,,3.39e-06,19.71,16.5
2515,3.7377,,3.37e-06,19.54,16.5
2516,3.8102,,3.36e-06,19.61,16.5
2517,3.3484,,3.34e-06,19.71,16.5
2518,4.1263,,3.33e-06,19.68,16.5
2519,3.365,,3.32e-06,19.8,16.5
2520,3.8824,,3.30e-06,19.68,16.5
2521,4.2627,,3.29e-06,19.74,16.5
2522,4.2332,,3.28e-06,19.71,16.5
2523,3.7844,,3.26e-06,19.76,16.5
2524,3.0924,,3.25e-06,19.86,16.5
2525,3.8765,,3.24e-06,19.72,16.5
2526,3.2995,,3.22e-06,19.75,16.5
2527,3.9644,,3.21e-06,19.79,16.5
2528,3.3036,,3.20e-06,19.82,16.5
2529,3.5796,,3.18e-06,19.75,16.5
2530,2.2929,,3.17e-06,19.75,16.5
2531,3.9803,,3.16e-06,19.87,16.5
2532,4.3197,,3.14e-06,19.77,16.5
2533,4.1959,,3.13e-06,19.9,16.5
2534,4.3795,,3.12e-06,19.87,16.5
2535,4.2977,,3.11e-06,19.78,16.5
2536,4.124,,3.09e-06,19.99,16.5
2537,3.8688,,3.08e-06,19.98,16.51
2538,4.2279,,3.07e-06,19.94,16.51
2539,4.0649,,3.05e-06,20.14,16.51
2540,4.1812,,3.04e-06,20.08,16.51
2541,3.8911,,3.03e-06,20.08,16.51
2542,4.3855,,3.01e-06,19.88,16.51
2543,4.1499,,3.00e-06,19.88,16.51
2544,3.6862,,2.99e-06,19.66,16.52
2545,4.0925,,2.98e-06,19.69,16.52
2546,3.8787,,2.96e-06,20.51,16.52
2547,3.8695,,2.95e-06,20.3,16.52
2548,3.5678,,2.94e-06,20.02,16.52
2549,2.7873,,2.92e-06,19.21,16.52
2550,3.9984,,2.91e-06,19.3,16.52
2551,4.4674,,2.90e-06,19.26,16.52
2552,3.5201,,2.89e-06,19.21,16.52
2553,3.9928,,2.87e-06,19.2,16.52
2554,3.8664,,2.86e-06,19.23,16.52
2555,4.2239,,2.85e-06,19.37,16.52
2556,4.3412,,2.84e-06,19.28,16.52
2557,3.7277,,2.82e-06,19.33,16.52
2558,2.8975,,2.81e-06,19.15,16.52
2559,3.7072,,2.80e-06,19.7,16.52
2560,3.0412,,2.79e-06,22.62,16.52
2561,3.1343,,2.77e-06,19.47,16.52
2562,3.7474,,2.76e-06,19.56,16.52
2563,3.8378,,2.75e-06,19.39,16.52
2564,2.9664,,2.74e-06,19.45,16.52
2565,3.8989,,2.72e-06,19.51,16.52
2566,3.9571,,2.71e-06,19.38,16.52
2567,2.8421,,2.70e-06,19.54,16.52
2568,4.215,,2.69e-06,19.39,16.52
2569,4.1073,,2.68e-06,19.42,16.52
2570,4.3042,,2.66e-06,19.38,16.52
2571,3.5993,,2.65e-06,19.45,16.52
2572,4.1141,,2.64e-06,19.65,16.52
2573,4.3889,,2.63e-06,19.52,16.52
2574,3.5342,,2.62e-06,19.55,16.52
2575,4.2938,,2.60e-06,19.55,16.52
2576,4.4893,,2.59e-06,19.62,16.52
2577,3.8298,,2.58e-06,19.55,16.52
2578,4.0546,,2.57e-06,19.49,16.52
2579,4.5796,,2.56e-06,19.52,16.52
2580,3.6224,,2.54e-06,19.36,16.52
2581,4.0797,,2.53e-06,19.33,16.52
2582,3.2879,,2.52e-06,19.22,16.52
2583,3.4638,,2.51e-06,19.07,16.52
2584,3.7319,,2.50e-06,19.05,16.52
2585,3.6869,,2.48e-06,18.94,16.52
2586,4.0804,,2.47e-06,18.98,16.52
2587,4.2727,,2.46e-06,18.96,16.52
2588,3.3362,,2.45e-06,19.0,16.52
2589,3.9607,,2.44e-06,18.99,16.52
2590,3.882,,2.43e-06,18.94,16.52
2591,4.3228,,2.41e-06,19.05,16.52
2592,3.692,,2.40e-06,19.09,16.52
2593,3.4433,,2.39e-06,19.06,16.52
2594,3.8764,,2.38e-06,19.16,16.52
2595,3.7946,,2.37e-06,19.11,16.52
2596,3.7102,,2.36e-06,19.29,16.52
2597,3.737,,2.34e-06,19.33,16.52
2598,3.7423,,2.33e-06,19.4,16.52
2599,3.8098,,2.32e-06,21.01,16.52
2600,4.157,,2.31e-06,19.11,16.52
2601,4.3224,,2.30e-06,17.04,16.52
2602,4.2854,,2.29e-06,16.94,16.52
2603,3.7809,,2.28e-06,16.93,16.52
2604,3.9802,,2.27e-06,16.84,16.52
2605,4.5709,,2.25e-06,16.8,16.52
2606,3.8463,,2.24e-06,16.96,16.52
2607,4.1388,,2.23e-06,16.85,16.52
2608,3.5796,,2.22e-06,16.83,16.52
2609,4.1792,,2.21e-06,16.97,16.52
2610,4.0848,,2.20e-06,17.62,16.52
2611,3.4706,,2.19e-06,17.68,16.52
2612,4.2698,,2.18e-06,17.0,16.52
2613,3.5753,,2.17e-06,18.5,16.52
2614,4.139,,2.15e-06,20.61,16.52
2615,4.1543,,2.14e-06,21.19,16.52
2616,3.8512,,2.13e-06,18.87,16.52
2617,3.837,,2.12e-06,21.27,16.52
2618,3.7826,,2.11e-06,21.06,16.52
2619,3.9269,,2.10e-06,19.74,16.52
2620,2.8003,,2.09e-06,19.42,16.52
2621,4.2051,,2.08e-06,19.59,16.52
2622,3.2253,,2.07e-06,19.45,16.52
2623,4.0994,,2.06e-06,19.43,16.52
2624,3.5218,,2.05e-06,19.38,16.52
2625,4.5624,,2.03e-06,19.14,16.52
2626,4.0094,,2.02e-06,19.24,16.52
2627,3.7384,,2.01e-06,19.14,16.52
2628,4.5433,,2.00e-06,19.13,16.52
2629,3.8792,,1.99e-06,19.17,16.52
2630,4.6043,,1.98e-06,19.11,16.52
2631,3.0365,,1.97e-06,19.25,16.52
2632,4.6022,,1.96e-06,19.15,16.52
2633,4.1059,,1.95e-06,19.41,16.52
2634,4.4177,,1.94e-06,19.15,16.52
2635,4.0013,,1.93e-06,19.18,16.52
2636,3.3298,,1.92e-06,19.29,16.52
2637,3.8677,,1.91e-06,19.24,16.52
2638,3.8675,,1.90e-06,19.41,16.52
2639,3.3949,,1.89e-06,19.39,16.52
2640,2.901,,1.88e-06,19.38,16.52
2641,4.4482,,1.87e-06,19.61,16.52
2642,2.8692,,1.86e-06,19.48,16.52
2643,4.2537,,1.85e-06,19.83,16.52
2644,3.8595,,1.84e-06,19.7,16.52
2645,2.9281,,1.83e-06,19.8,16.52
2646,3.9904,,1.82e-06,19.73,16.52
2647,4.1104,,1.81e-06,19.83,16.52
2648,3.7946,,1.80e-06,19.85,16.52
2649,4.1674,,1.79e-06,19.7,16.52
2650,3.857,,1.78e-06,19.77,16.52
2651,3.8568,,1.77e-06,19.64,16.52
2652,4.0608,,1.76e-06,19.69,16.52
2653,4.4085,,1.75e-06,19.7,16.52
2654,4.3525,,1.74e-06,19.56,16.52
2655,3.4092,,1.73e-06,19.67,16.52
2656,4.0689,,1.72e-06,19.56,16.52
2657,3.8207,,1.71e-06,19.69,16.52
2658,4.2688,,1.70e-06,19.56,16.52
2659,4.1108,,1.69e-06,19.68,16.52
2660,4.3838,,1.68e-06,19.94,16.52
2661,4.2944,,1.67e-06,19.84,16.52
2662,4.194,,1.66e-06,19.92,16.52
2663,4.3676,,1.65e-06,19.77,16.52
2664,3.5332,,1.64e-06,19.93,16.52
2665,4.4263,,1.63e-06,20.01,16.52
2666,2.9805,,1.62e-06,19.97,16.52
2667,3.8851,,1.61e-06,20.2,16.52
2668,2.5193,,1.60e-06,20.19,16.52
2669,4.3242,,1.59e-06,20.34,16.52
2670,4.0667,,1.58e-06,20.36,16.52
2671,4.0459,,1.57e-06,20.35,16.52
2672,4.6751,,1.56e-06,20.66,16.52
2673,4.3961,,1.55e-06,20.47,16.52
2674,4.6928,,1.54e-06,20.66,16.52
2675,4.0917,,1.53e-06,20.49,16.52
2676,3.8354,,1.52e-06,20.56,16.52
2677,4.2996,,1.51e-06,20.36,16.52
2678,4.6011,,1.51e-06,20.42,16.52
2679,3.7251,,1.50e-06,20.15,16.52
2680,3.927,,1.49e-06,20.11,16.52
2681,4.0059,,1.48e-06,20.26,16.52
2682,3.8049,,1.47e-06,20.21,16.52
2683,3.2562,,1.46e-06,20.22,16.52
2684,4.3351,,1.45e-06,20.16,16.52
2685,3.1545,,1.44e-06,20.38,16.52
2686,4.4882,,1.43e-06,20.34,16.52
2687,4.3578,,1.42e-06,20.35,16.52
2688,4.5318,,1.41e-06,20.57,16.52
2689,4.221,,1.41e-06,20.57,16.52
2690,3.839,,1.40e-06,20.76,16.52
2691,3.2219,,1.39e-06,20.98,16.52
2692,4.2217,,1.38e-06,20.95,16.52
2693,4.1121,,1.37e-06,21.05,16.52
2694,4.363,,1.36e-06,21.28,16.52
2695,3.2627,,1.35e-06,21.23,16.52
2696,4.29,,1.34e-06,21.43,16.52
2697,4.4332,,1.33e-06,21.78,16.52
2698,4.5338,,1.33e-06,21.68,16.52
2699,3.9614,,1.32e-06,21.79,16.52
2700,4.3065,,1.31e-06,21.95,16.52
2701,4.1943,,1.30e-06,22.03,16.52
2702,3.5963,,1.29e-06,21.95,16.52
2703,4.3833,,1.28e-06,21.88,16.52
2704,3.9431,,1.27e-06,21.75,16.52
2705,4.1607,,1.27e-06,21.75,16.52
2706,4.5495,,1.26e-06,21.67,16.52
2707,4.1723,,1.25e-06,21.69,16.52
2708,3.8904,,1.24e-06,21.67,16.52
2709,4.0397,,1.23e-06,21.75,16.52
2710,4.2474,,1.22e-06,21.71,16.52
2711,3.3955,,1.22e-06,21.71,16.52
2712,3.8987,,1.21e-06,21.69,16.52
2713,3.6695,,1.20e-06,21.65,16.52
2714,3.3568,,1.19e-06,21.98,16.52
2715,4.059,,1.18e-06,21.87,16.52
2716,3.7733,,1.17e-06,22.0,16.52
2717,3.38,,1.17e-06,22.16,16.52
2718,3.915,,1.16e-06,22.17,16.52
2719,4.3025,,1.15e-06,22.19,16.52
2720,3.7617,,1.14e-06,22.21,16.52
2721,3.5359,,1.13e-06,22.29,16.52
2722,4.398,,1.13e-06,22.48,16.52
2723,4.5838,,1.12e-06,22.51,16.52
2724,4.1901,,1.11e-06,22.56,16.52
2725,4.315,,1.10e-06,22.6,16.52
2726,3.6577,,1.09e-06,22.47,16.52
2727,4.0265,,1.09e-06,22.5,16.52
2728,4.1867,,1.08e-06,22.25,16.52
2729,3.7509,,1.07e-06,22.79,16.52
2730,3.6399,,1.06e-06,22.42,16.52
2731,4.3593,,1.05e-06,22.28,16.52
2732,4.2335,,1.05e-06,22.17,16.52
2733,3.9552,,1.04e-06,22.07,16.52
2734,4.0286,,1.03e-06,22.03,16.52
2735,3.5462,,1.02e-06,21.98,16.52
2736,4.5179,,1.02e-06,22.04,16.52
2737,4.0282,,1.01e-06,22.03,16.52
2738,4.5625,,1.00e-06,22.14,16.52
2739,3.6072,,9.93e-07,22.07,16.52
2740,3.7561,,9.85e-07,22.08,16.52
2741,3.6046,,9.78e-07,21.81,16.52
2742,4.156,,9.70e-07,22.02,16.52
2743,4.0473,,9.63e-07,22.11,16.52
2744,4.3453,,9.55e-07,21.94,16.52
2745,3.7432,,9.48e-07,22.14,16.52
2746,4.1362,,9.40e-07,22.2,16.52
2747,3.6256,,9.33e-07,20.12,16.52
2748,4.2233,,9.26e-07,22.19,16.52
2749,3.3728,,9.19e-07,22.22,16.52
2750,4.1196,,9.11e-07,22.28,16.52
2750,,4.3244,9.11e-07,,14.43
2751,3.2738,,9.04e-07,22.32,16.48
2752,3.6527,,8.97e-07,22.12,16.48
2753,3.4751,,8.90e-07,21.97,16.48
2754,4.4925,,8.82e-07,22.06,16.48
2755,4.3969,,8.75e-07,21.85,16.48
2756,3.8032,,8.68e-07,21.81,16.48
2757,4.6313,,8.61e-07,21.52,16.48
2758,3.1367,,8.54e-07,21.54,16.48
2759,4.5525,,8.47e-07,21.53,16.48
2760,3.9206,,8.40e-07,21.66,16.48
2761,3.8148,,8.33e-07,21.71,16.48
2762,4.2056,,8.26e-07,21.69,16.49
2763,4.2287,,8.19e-07,21.85,16.49
2764,3.8666,,8.13e-07,21.83,16.49
2765,4.4255,,8.06e-07,21.87,16.49
2766,3.8895,,7.99e-07,21.94,16.49
2767,3.3964,,7.92e-07,22.06,16.49
2768,3.6915,,7.85e-07,22.13,16.49
2769,3.9146,,7.79e-07,22.09,16.49
2770,3.8497,,7.72e-07,22.43,16.49
2771,3.5492,,7.65e-07,22.3,16.49
2772,3.7846,,7.59e-07,22.08,16.49
2773,3.1089,,7.52e-07,22.13,16.49
2774,4.4128,,7.46e-07,22.17,16.5
2775,3.6348,,7.39e-07,21.92,16.5
2776,3.8867,,7.32e-07,21.66,16.51
2777,2.81,,7.26e-07,21.54,16.51
2778,3.5899,,7.19e-07,21.63,16.51
2779,4.1886,,7.13e-07,21.44,16.51
2780,4.3931,,7.07e-07,21.61,16.51
2781,4.0019,,7.00e-07,21.46,16.51
2782,4.1028,,6.94e-07,21.41,16.51
2783,3.7517,,6.88e-07,21.38,16.51
2784,4.0638,,6.81e-07,21.43,16.51
2785,4.2431,,6.75e-07,21.46,16.51
2786,3.9398,,6.69e-07,21.38,16.51
2787,3.5306,,6.63e-07,21.35,16.51
2788,2.2532,,6.56e-07,21.25,16.51
2789,2.839,,6.50e-07,20.58,16.51
2790,3.8928,,6.44e-07,20.25,16.51
2791,3.8073,,6.38e-07,19.5,16.51
2792,3.9277,,6.32e-07,20.73,16.51
2793,3.9668,,6.26e-07,20.67,16.51
2794,3.6662,,6.20e-07,20.59,16.51
2795,2.9696,,6.14e-07,20.66,16.51
2796,3.4602,,6.08e-07,20.76,16.51
2797,3.8388,,6.02e-07,20.71,16.51
2798,4.0691,,5.96e-07,20.82,16.51
2799,3.3004,,5.90e-07,20.66,16.51
2800,3.6321,,5.84e-07,20.82,16.51
2801,4.301,,5.79e-07,20.76,16.51
2802,4.2141,,5.73e-07,20.84,16.51
2803,3.7433,,5.67e-07,20.73,16.51
2804,4.3598,,5.61e-07,20.76,16.51
2805,4.0655,,5.56e-07,20.92,16.51
2806,4.3219,,5.50e-07,20.55,16.51
2807,4.3752,,5.44e-07,20.59,16.51
2808,4.437,,5.39e-07,20.48,16.51
2809,3.8875,,5.33e-07,20.53,16.51
2810,3.9522,,5.28e-07,20.42,16.51
2811,4.3822,,5.22e-07,20.49,16.51
2812,4.205,,5.17e-07,20.43,16.51
2813,3.2317,,5.11e-07,20.37,16.51
2814,3.5401,,5.06e-07,20.58,16.51
2815,4.0567,,5.00e-07,20.39,16.51
2816,4.0238,,4.95e-07,20.51,16.51
2817,3.1932,,4.90e-07,20.48,16.51
2818,3.381,,4.84e-07,20.45,16.51
2819,3.2293,,4.79e-07,20.37,16.51
2820,4.2756,,4.74e-07,20.37,16.51
2821,3.292,,4.69e-07,20.48,16.51
2822,4.2179,,4.63e-07,20.36,16.51
2823,4.2562,,4.58e-07,20.38,16.51
2824,4.1218,,4.53e-07,20.25,16.51
2825,4.2352,,4.48e-07,20.33,16.51
2826,4.2312,,4.43e-07,20.33,16.51
2827,4.1649,,4.38e-07,20.39,16.51
2828,4.38,,4.33e-07,20.38,16.51
2829,3.743,,4.28e-07,18.22,16.51
2830,4.0984,,4.23e-07,18.16,16.51
2831,2.3725,,4.18e-07,17.94,16.51
2832,3.4451,,4.13e-07,18.09,16.51
2833,4.3399,,4.08e-07,18.1,16.51
2834,4.6181,,4.03e-07,18.0,16.51
2835,3.885,,3.98e-07,18.12,16.51
2836,4.1179,,3.94e-07,17.93,16.51
2837,4.3363,,3.89e-07,17.96,16.51
2838,3.8804,,3.84e-07,18.13,16.51
2839,3.9155,,3.79e-07,17.91,16.51
2840,4.3416,,3.75e-07,18.01,16.51
2841,4.1259,,3.70e-07,17.92,16.51
2842,3.8088,,3.65e-07,17.88,16.51
2843,3.5939,,3.61e-07,18.07,16.51
2844,3.7519,,3.56e-07,17.91,16.51
2845,3.4541,,3.52e-07,17.8,16.51
2846,3.8301,,3.47e-07,18.03,16.51
2847,4.1485,,3.43e-07,17.84,16.51
2848,3.6751,,3.38e-07,18.06,16.52
2849,4.2833,,3.34e-07,17.78,16.52
2850,2.9137,,3.29e-07,17.81,16.52
2851,4.2434,,3.25e-07,18.01,16.52
2852,3.9701,,3.21e-07,17.82,16.52
2853,3.9512,,3.16e-07,17.86,16.52
2854,3.9528,,3.12e-07,17.92,16.52
2855,3.252,,3.08e-07,17.82,16.52
2856,3.5956,,3.04e-07,18.03,16.52
2857,3.9501,,2.99e-07,17.84,16.52
2858,2.9549,,2.95e-07,17.82,16.52
2859,4.7799,,2.91e-07,18.07,16.52
2860,4.3687,,2.87e-07,17.81,16.52
2861,3.4274,,2.83e-07,17.93,16.52
2862,3.627,,2.79e-07,17.82,16.52
2863,4.0401,,2.75e-07,17.83,16.52
2864,4.0438,,2.71e-07,18.01,16.52
2865,4.6779,,2.67e-07,17.86,16.52
2866,3.7551,,2.63e-07,17.77,16.52
2867,3.4745,,2.59e-07,18.08,16.52
2868,3.2662,,2.55e-07,17.9,16.52
2869,4.5526,,2.51e-07,18.04,16.52
2870,4.0528,,2.48e-07,17.8,16.52
2871,4.2601,,2.44e-07,17.85,16.52
2872,3.894,,2.40e-07,18.04,16.52
2873,3.3776,,2.36e-07,17.89,16.52
2874,4.1387,,2.33e-07,17.92,16.52
2875,3.9375,,2.29e-07,17.95,16.52
2876,3.9972,,2.25e-07,17.84,16.52
2877,4.2839,,2.22e-07,17.99,16.52
2878,4.1553,,2.18e-07,17.79,16.52
2879,3.6486,,2.14e-07,17.67,16.52
2880,3.892,,2.11e-07,17.89,16.52
2881,3.4283,,2.07e-07,17.68,16.52
2882,3.9112,,2.04e-07,17.78,16.52
2883,4.2545,,2.01e-07,17.74,16.52
2884,3.4634,,1.97e-07,17.66,16.52
2885,3.5123,,1.94e-07,17.95,16.52
2886,4.5539,,1.90e-07,17.75,16.52
2887,3.5252,,1.87e-07,17.59,16.52
2888,4.3439,,1.84e-07,17.75,16.52
2889,4.0202,,1.81e-07,17.62,16.52
2890,4.1899,,1.77e-07,17.76,16.52
2891,4.0846,,1.74e-07,17.59,16.52
2892,4.0632,,1.71e-07,17.54,16.52
2893,4.1463,,1.68e-07,17.74,16.52
2894,2.9971,,1.65e-07,17.53,16.52
2895,3.9266,,1.62e-07,17.56,16.52
2896,4.1261,,1.58e-07,17.8,16.52
2897,3.8447,,1.55e-07,17.5,16.52
2898,3.8153,,1.52e-07,17.74,16.52
2899,4.0789,,1.49e-07,17.59,16.52
2900,3.927,,1.47e-07,17.55,16.52
2901,3.6228,,1.44e-07,17.76,16.52
2902,4.5523,,1.41e-07,17.49,16.52
2903,3.9948,,1.38e-07,17.56,16.52
2904,4.2068,,1.35e-07,17.82,16.52
2905,3.8139,,1.32e-07,17.47,16.52
2906,3.9144,,1.30e-07,17.74,16.52
2907,3.9165,,1.27e-07,17.58,16.52
2908,4.1866,,1.24e-07,17.77,16.52
2909,4.4757,,1.21e-07,18.58,16.52
2910,4.3669,,1.19e-07,18.01,16.52
2911,3.0936,,1.16e-07,17.62,16.52
2912,4.281,,1.14e-07,17.81,16.52
2913,3.6512,,1.11e-07,17.54,16.52
2914,4.0898,,1.08e-07,17.74,16.52
2915,3.7926,,1.06e-07,17.62,16.52
2916,4.1335,,1.03e-07,17.61,16.52
2917,4.0996,,1.01e-07,17.74,16.52
2918,3.1669,,9.86e-08,17.6,16.52
2919,4.2364,,9.62e-08,17.64,16.52
2920,4.335,,9.38e-08,17.81,16.52
2921,3.9865,,9.15e-08,17.62,16.52
2922,3.2595,,8.92e-08,17.8,16.52
2923,4.1389,,8.69e-08,17.71,16.52
2924,4.3173,,8.47e-08,17.59,16.52
2925,3.9631,,8.25e-08,17.59,16.52
2926,4.3917,,8.03e-08,17.25,16.52
2927,3.8374,,7.81e-08,17.23,16.52
2928,3.3751,,7.60e-08,17.46,16.52
2929,4.2024,,7.39e-08,17.24,16.52
2930,4.5745,,7.18e-08,17.52,16.52
2931,3.7665,,6.98e-08,17.21,16.52
2932,4.361,,6.78e-08,17.21,16.52
2933,4.1141,,6.58e-08,17.49,16.52
2934,4.46,,6.39e-08,17.23,16.52
2935,4.0351,,6.20e-08,17.22,16.52
2936,3.6671,,6.01e-08,17.43,16.52
2937,4.0124,,5.82e-08,17.25,16.52
2938,4.1915,,5.64e-08,17.34,16.52
2939,3.7215,,5.46e-08,17.39,16.52
2940,3.2801,,5.28e-08,17.32,16.52
2941,4.0676,,5.10e-08,17.55,16.52
2942,4.2598,,4.93e-08,17.24,16.52
2943,4.2802,,4.76e-08,17.26,16.52
2944,2.9474,,4.60e-08,17.48,16.52
2945,3.2198,,4.44e-08,17.26,16.52
2946,3.8458,,4.28e-08,17.28,16.52
2947,2.9892,,4.12e-08,17.43,16.52
2948,4.3966,,3.97e-08,17.24,16.52
2949,4.4058,,3.81e-08,17.5,16.52
2950,3.7095,,3.67e-08,17.46,16.52
2951,4.6405,,3.52e-08,17.36,16.52
2952,4.1279,,3.38e-08,17.53,16.52
2953,4.1411,,3.24e-08,17.35,16.52
2954,4.2631,,3.10e-08,19.43,16.52
2955,3.8923,,2.97e-08,20.66,16.52
2956,4.4147,,2.84e-08,18.71,16.52
2957,3.1923,,2.71e-08,18.41,16.52
2958,4.4425,,2.59e-08,17.96,16.52
2959,3.761,,2.47e-08,17.81,16.52
2960,4.0399,,2.35e-08,17.88,16.52
2961,4.3472,,2.23e-08,17.92,16.52
2962,3.5249,,2.12e-08,18.09,16.52
2963,4.2053,,2.01e-08,17.98,16.52
2964,3.7517,,1.90e-08,17.94,16.52
2965,4.1205,,1.80e-08,18.16,16.52
2966,4.0058,,1.70e-08,18.18,16.52
2967,4.1473,,1.60e-08,18.29,16.52
2968,3.5501,,1.50e-08,18.3,16.52
2969,4.2113,,1.41e-08,18.46,16.52
2970,4.1547,,1.32e-08,18.54,16.52
2971,3.9054,,1.23e-08,18.48,16.52
2972,3.9587,,1.15e-08,18.63,16.52
2973,4.1118,,1.07e-08,18.8,16.52
2974,3.2985,,9.92e-09,18.58,16.52
2975,3.3723,,9.17e-09,18.75,16.52
2976,4.5204,,8.45e-09,18.88,16.52
2977,4.2997,,7.76e-09,18.91,16.52
2978,4.6153,,7.10e-09,18.9,16.52
2979,3.6992,,6.47e-09,19.32,16.52
2980,3.8963,,5.87e-09,19.39,16.52
2981,3.5352,,5.30e-09,19.06,16.52
2982,3.848,,4.75e-09,19.24,16.52
2983,4.2037,,4.24e-09,19.36,16.52
2984,4.106,,3.76e-09,19.36,16.52
2985,3.2541,,3.30e-09,19.65,16.52
2986,4.0508,,2.88e-09,19.46,16.52
2987,4.294,,2.48e-09,19.78,16.52
2988,4.391,,2.11e-09,19.79,16.52
2989,4.0395,,1.77e-09,19.84,16.52
2990,4.4467,,1.47e-09,19.92,16.52
2991,3.4539,,1.19e-09,20.01,16.52
2992,3.8381,,9.39e-10,20.27,16.52
2993,3.7825,,7.19e-10,20.1,16.52
2994,2.4781,,5.28e-10,20.31,16.52
2995,4.6407,,3.67e-10,20.29,16.52
2996,3.9047,,2.35e-10,20.3,16.52
2997,3.782,,1.32e-10,20.61,16.52
2998,4.3517,,5.87e-11,20.58,16.52
2999,2.9405,,1.47e-11,20.76,16.52
3000,3.8146,,0.00e+00,20.79,16.52
3000,,4.3245,0.00e+00,,14.46
